"CellNumber","Cluster","DistanceToCentroid"
1,1,163.476484868752
2,2,229.389733487829
3,3,188.079242124391
4,1,132.951125699706
5,1,157.536787564696
6,1,96.0054759560003
7,3,150.142183259063
8,3,584.787863927487
9,6,326.774658125878
10,6,171.42896071546
11,1,171.877580711265
12,5,122.198631113979
13,1,125.025001522294
14,1,138.058387656742
15,1,94.4332627420846
16,1,216.005675349873
17,1,258.276375658393
18,1,298.898220629141
19,2,478.871040446521
20,3,218.964837595739
21,2,189.901401901105
22,1,150.042662658053
23,1,235.89098209767
24,1,80.7931280666148
25,3,119.268766710466
26,1,126.058106424222
27,3,184.859243739617
28,3,214.75153858163
29,2,287.21510488519
30,6,215.022048651757
31,1,131.220480659912
32,2,225.190213201884
33,3,128.130964142967
34,1,247.600773648071
35,6,172.163677016359
36,2,95.3389866280853
37,3,78.1971434232873
38,1,1712.24078310939
39,2,151.89031982593
40,2,293.323556183603
41,1,134.17681190086
42,2,230.880895228571
43,1,131.556396118558
44,2,172.472429491358
45,1,150.192560744281
46,2,222.417004810762
47,6,162.471496917313
48,1,179.838375660993
49,1,150.928253950962
50,1,145.874764042355
51,2,127.620948816062
52,2,130.169866612758
53,6,315.775933256918
54,6,127.976900128744
55,6,358.603651597408
56,1,137.983425392086
57,1,136.343574438784
58,2,252.761894457677
59,6,286.909829605133
60,1,114.938159881112
61,1,200.321025903917
62,3,121.028293874237
63,1,158.594186134258
64,1,175.64521684977
65,1,109.227022681642
66,1,52.5773782473284
67,3,123.269716697499
68,2,278.963948811826
69,3,144.335302181701
70,3,423.524542329197
71,2,152.058857182744
72,1,49.4055968413949
73,3,514.539398870411
74,3,473.161079190974
75,1,277.908379376641
76,1,151.282234069035
77,6,100.659722853139
78,2,72.9542566983128
79,3,154.333094353099
80,1,38.5307640336051
81,2,175.612549076645
82,2,277.456909644851
83,5,67.2906630870764
84,1,120.091821924956
85,2,243.789922580934
86,1,135.619883174216
87,1,152.340910280941
88,2,257.512119461693
89,1,75.2776164516958
90,2,405.837282060061
91,6,328.623979394278
92,6,209.849015042079
93,1,108.283095401529
94,1,177.568536650769
95,2,213.242320703001
96,6,119.234094614725
97,1,167.999409947296
98,6,219.276450822942
99,6,137.662068856102
100,5,85.6350977105414
101,1,119.001717189244
102,1,259.700556135149
103,2,145.084834000219
104,6,137.772956755524
105,1,141.753688007186
106,2,116.989683298817
107,3,583.613860402446
108,1,161.12770560067
109,1,150.065337356206
110,2,236.595125879285
111,1,170.009522720664
112,2,191.81226730202
113,1,93.5892056402448
114,1,160.169305145319
115,1,191.860608633904
116,1,163.712456254534
117,1,168.948267947902
118,1,255.018129797996
119,3,144.228136227563
120,1,257.253284053957
121,1,892.492628288019
122,1,134.308969910707
123,3,953.321615825189
124,1,136.312646424666
125,3,441.669952465876
126,6,223.465276763028
127,2,140.72250236406
128,1,142.690909970587
129,5,88.4852626161885
130,1,131.322160034678
131,2,235.966990449017
132,6,220.80514232421
133,3,210.357231894472
134,1,289.678084732935
135,1,110.681412790466
136,1,1755.9534511368
137,2,382.512081157214
138,3,240.682804657019
139,3,319.980969622962
140,1,220.405927138287
141,1,188.086429026143
142,1,68.9691293875805
143,2,194.030338024526
144,1,100.614512104982
145,1,109.543924295882
146,2,286.022337158962
147,3,166.293240049145
148,1,133.19509758973
149,1,179.407370280698
150,3,1677.15866413911
151,1,197.688178442918
152,1,147.464358808835
153,5,112.118842094716
154,3,184.016800093987
155,2,519.910126019371
156,3,142.229197654448
157,3,348.673646375097
158,3,445.014827313261
159,5,114.15537097542
160,3,209.755233241398
161,5,122.831778586576
162,1,122.414780547321
163,2,1019.85905786299
164,3,247.153563790882
165,1,105.220795746305
166,1,193.069140758531
167,2,224.106504288869
168,6,315.167066676453
169,2,314.441284759095
170,1,166.585393778014
171,1,128.04679677789
172,3,91.1109070646227
173,1,69.7584949829323
174,1,128.975710647517
175,1,168.96549913
176,1,177.16405875761
177,1,88.5550717299607
178,1,123.922964488519
179,2,343.698404616589
180,5,284.44570763789
181,1,250.867875067453
182,3,135.155046284289
183,2,140.460194464506
184,1,103.204540264079
185,1,116.926181216995
186,2,223.057306493542
187,1,386.038717640947
188,1,104.83527680248
189,3,434.51508660045
190,2,444.081589042612
191,3,181.23654687128
192,4,473.03348116267
193,1,35.676455699879
194,1,105.043111653228
195,5,122.918123979319
196,2,246.314841514304
197,1,109.984268245142
198,3,350.419983992846
199,3,285.131692848916
200,6,551.989037286555
201,1,102.134660946723
202,1,106.328187637424
203,1,144.458158168863
204,2,436.34526962598
205,2,135.391058323515
206,1,1406.70769667818
207,1,85.3036685453309
208,3,140.424094669776
209,5,123.651092443041
210,5,63.4600305427667
211,1,136.504681427418
212,2,239.270767380279
213,1,210.195327904744
214,1,156.243534465881
215,6,180.416413164327
216,1,265.17468395019
217,1,66.5329848579313
218,2,163.234180205723
219,1,125.942822901995
220,2,114.804507917522
221,1,173.339994943594
222,3,235.147013442195
223,3,150.519638147558
224,1,100.410406077149
225,1,168.878805461677
226,1,166.684944280008
227,2,84.9707490790766
228,7,603.984114407333
229,1,163.377081682435
230,1,215.135960478571
231,1,124.018434712902
232,3,527.156302204378
233,1,66.5814080050236
234,1,101.295640047748
235,1,213.184777383802
236,6,321.559116811014
237,6,137.024589264918
238,1,106.757780407475
239,3,80.7065563644284
240,3,242.575657997123
241,6,194.820419505817
242,6,246.766764079929
243,1,241.224176961212
244,2,251.170148561701
245,1,144.93299278712
246,5,77.3911997731462
247,2,108.10880585565
248,2,186.554505899639
249,3,184.152777253486
250,6,133.708290013636
251,3,1398.54434809579
252,3,414.262521328999
253,1,73.5369116557175
254,2,221.31857960807
255,6,120.271682123131
256,2,144.042655038709
257,1,154.992030030878
258,6,176.148456232894
259,3,394.874350792899
260,3,210.951808050139
261,3,230.753471972833
262,2,170.396365561046
263,1,112.475396712788
264,2,146.605420343087
265,1,170.112582905166
266,6,332.934321306844
267,3,238.55011439742
268,1,214.226761029578
269,6,153.382626581076
270,3,146.349256143985
271,6,242.659726603436
272,1,98.8471108934382
273,1,56.9851735088943
274,3,75.3641207126482
275,5,91.974126742791
276,1,73.7094927018618
277,2,310.98874133747
278,3,111.703997452215
279,1,80.269162034955
280,3,554.394969583078
281,6,387.502407604301
282,1,182.060016702912
283,3,405.865225068286
284,6,534.508227723897
285,2,313.427280040397
286,5,193.978956395264
287,1,186.136863402271
288,3,160.137174724772
289,5,195.282102495314
290,3,256.627083056709
291,3,188.235089165439
292,3,927.434547360445
293,3,129.104236605237
294,2,264.36219872902
295,2,241.273069660726
296,1,171.233810458744
297,1,182.761026699358
298,1,145.409358138096
299,6,153.286112063462
300,2,203.518156466789
301,2,675.501276595642
302,3,132.739378011119
303,3,142.694278899231
304,2,123.593426639617
305,5,105.92334296161
306,3,106.928421651497
307,6,250.180060501779
308,2,272.974394058618
309,1,82.9330693598739
310,3,253.59037533152
311,1,75.6029207803102
312,1,205.627346638185
313,1,126.670861040165
314,1,140.669268754045
315,1,124.274719672454
316,1,113.474302773093
317,1,118.536575661472
318,1,145.786155259284
319,1,177.713175705605
320,6,554.524898579965
321,1,112.980387070391
322,2,122.630625173796
323,6,315.915111771556
324,6,74.1991700874533
325,3,180.514045979735
326,1,114.589889817532
327,1,116.959423540545
328,2,147.890014007955
329,6,138.323694850686
330,1,157.974322219503
331,6,171.334208816134
332,1,214.343125711247
333,3,223.234563777731
334,3,293.208702650975
335,1,118.40325840618
336,5,228.02952283657
337,1,217.868898045511
338,1,193.060684074743
339,1,153.050231576513
340,1,126.975922220778
341,3,398.174929508875
342,2,214.973904906824
343,1,299.005987433868
344,3,200.395729123063
345,3,425.181576785737
346,3,132.851689735453
347,1,256.373710904951
348,3,572.322476304084
349,1,249.512006907746
350,6,202.664842373041
351,6,102.967644851312
352,1,141.545867547886
353,1,134.488581852004
354,2,160.047638820875
355,6,436.340810650931
356,1,62.4931729230097
357,1,163.115186793058
358,6,496.198426928542
359,2,266.852167341705
360,3,174.715911511956
361,6,224.890791994554
362,3,183.598993177374
363,3,281.29003502744
364,1,64.3406683505132
365,3,128.95550165801
366,1,134.145409906734
367,1,115.636427144333
368,1,136.57740973719
369,1,252.366291645108
370,1,166.778549552696
371,1,280.440958054713
372,3,171.716103697291
373,1,312.608937263395
374,3,215.31265923551
375,1,254.539784646567
376,1,285.131839084595
377,3,270.190553499742
378,1,113.383831960165
379,2,472.281437382203
380,3,240.625878585404
381,1,75.8195510582828
382,3,111.475243379446
383,5,140.227163701871
384,1,148.282821374359
385,5,64.3098288001669
386,6,258.937167283809
387,1,167.391694466189
388,1,141.004705807749
389,1,121.432112129625
390,2,347.959599091318
391,5,60.7000497652932
392,1,174.039892954756
393,2,158.001411516371
394,1,134.653846585019
395,1,167.622569814471
396,5,112.687133275907
397,5,112.961824329701
398,1,153.50120245558
399,3,211.195113045873
400,1,143.983267562574
401,1,178.869413682286
402,3,140.587130650755
403,1,199.353399492152
404,6,184.735488532415
405,1,127.32777711965
406,1,211.344836518649
407,1,145.513786069536
408,1,155.00704607517
409,6,318.662568400802
410,6,1292.87094945536
411,3,166.602934637925
412,2,197.690414599782
413,3,178.383866342906
414,3,139.007473217956
415,1,144.441217281639
416,5,65.5198827544462
417,2,153.281902653912
418,2,286.932786304825
419,5,100.972869860354
420,1,81.3643064136276
421,1,315.89026717708
422,1,107.288231504759
423,3,155.807079461782
424,1,238.443377905433
425,2,167.659282191332
426,5,108.412125608701
427,1,101.225063363019
428,2,234.769485174953
429,2,1367.47773425801
430,1,98.4171249392855
431,1,204.184893642755
432,5,131.59116999337
433,5,156.266146063687
434,2,366.322155306884
435,1,93.62581591908
436,1,120.327752031417
437,2,419.897959392638
438,2,227.820408522984
439,3,117.853638754948
440,3,134.633458941044
441,1,128.558015621772
442,3,496.71227848501
443,6,325.208024680162
444,7,697.485086493943
445,2,178.234912443848
446,1,142.567538045791
447,1,86.3768835901193
448,1,258.063344641906
449,6,169.029685815973
450,6,555.398289813624
451,6,588.903385093019
452,2,308.501630449703
453,2,340.787295162658
454,2,278.335318397678
455,3,151.271935491195
456,1,311.516141329699
457,1,197.491453914494
458,1,134.727735830064
459,1,151.24346463694
460,3,136.013646413987
461,1,135.842047104762
462,1,139.725078230425
463,2,113.063885774938
464,3,285.051587020404
465,2,284.384362514622
466,2,162.188330030601
467,2,221.043251915738
468,1,93.6028235372698
469,3,286.868703293364
470,1,162.447291496899
471,1,175.413818738306
472,3,895.828119222884
473,1,168.856134263158
474,3,214.215336641477
475,1,85.8954654196181
476,6,320.606537729797
477,2,214.404233387731
478,3,326.399284912318
479,1,156.581742893292
480,1,141.729811071841
481,3,286.468861327874
482,3,396.320595253198
483,3,167.258525238244
484,2,155.513902300455
485,5,73.1694476996666
486,1,112.24830883995
487,2,215.804033124227
488,2,155.108213821502
489,3,189.782244621433
490,3,229.153841875905
491,1,175.641496934985
492,3,195.867494464272
493,1,165.707918619107
494,1,167.682099582972
495,3,428.820676759264
496,1,117.556359504668
497,1,70.6091109598987
498,1,167.280760605484
499,1,204.140045548677
500,3,182.380389731179
501,1,117.942264123423
502,2,1499.5429257483
503,3,200.361438941787
504,2,312.112780699513
505,1,129.471342739551
506,1,94.315693437454
507,1,181.594400828266
508,1,185.343829890962
509,3,195.525648905487
510,6,107.048114996355
511,1,89.59762114268
512,2,128.380680489888
513,6,180.196203925188
514,2,207.510389985973
515,1,126.253275229061
516,1,246.114683566698
517,1,166.370809891174
518,2,148.106642225826
519,1,210.770096050317
520,3,511.395969014248
521,3,193.537970594953
522,2,297.027318662215
523,1,183.169782128823
524,2,140.688762843737
525,2,255.589023848584
526,1,90.510759427188
527,9,157.220493370779
528,3,393.62798809716
529,3,142.360667929039
530,2,523.907713320835
531,1,118.443083554784
532,2,459.46880628355
533,1,136.318853413279
534,1,209.967811886948
535,1,84.1374812131314
536,1,99.5857033190522
537,1,235.656673833499
538,2,384.460023145957
539,1,67.9821002617587
540,1,194.348788761632
541,3,751.879870924104
542,6,235.639682767755
543,1,158.969324352759
544,3,158.213950439956
545,2,215.614294654108
546,6,197.458876062759
547,1,125.352453296546
548,3,125.634973649299
549,2,327.605953262893
550,1,176.933872167469
551,1,263.472314272309
552,1,193.895069201576
553,1,172.701063366614
554,1,200.228688760787
555,1,205.679722541777
556,1,117.767719029757
557,1,121.313274199319
558,1,96.4414220155454
559,3,157.389448185839
560,1,123.008949321374
561,1,208.033163678849
562,1,117.559048133732
563,1,230.473284165517
564,3,150.564875399328
565,1,74.4301773372003
566,1,219.995522235532
567,1,117.817486389609
568,6,513.969360314087
569,1,171.943836013479
570,6,581.010599157985
571,3,91.2272090722806
572,6,255.205003913182
573,3,405.145451971919
574,3,144.260816203424
575,1,154.896435913178
576,3,335.765280950002
577,3,134.49137826041
578,1,142.149095604292
579,3,135.12220324451
580,1,114.662507289053
581,2,173.501297838919
582,6,281.616227250337
583,2,215.010938923318
584,1,169.600732068592
585,5,112.330309971124
586,2,169.388603070573
587,6,214.608461621885
588,6,311.3438553889
589,1,227.077415588997
590,1,92.7372637925538
591,6,294.837986691173
592,2,298.260897933322
593,1,127.398513426572
594,3,161.969550401639
595,1,209.045119610561
596,3,380.43044103879
597,2,116.569532114992
598,6,116.562862588179
599,6,316.329897337093
600,1,352.35450436388
601,1,166.771495038014
602,3,286.129861134726
603,2,179.056624229103
604,3,152.363093962457
605,6,262.653405568558
606,1,486.651322561215
607,6,532.601312635611
608,1,362.262119974473
609,2,202.458310047409
610,1,117.572270640317
611,1,129.604657297484
612,1,164.697468429683
613,1,120.971493979226
614,1,120.149105018054
615,6,160.150025754468
616,2,597.415678757915
617,2,370.989791867411
618,1,120.197362935362
619,1,110.906186509962
620,3,89.2920886933631
621,3,289.794646236587
622,2,144.538070002037
623,1,198.926746424046
624,1,89.2667523364898
625,3,485.424573715323
626,1,162.088304035459
627,5,81.6766837294442
628,2,281.770584954121
629,3,461.191341972406
630,1,181.050272597308
631,2,167.092761616616
632,6,305.862238400707
633,2,280.118729230665
634,1,132.13240915462
635,1,144.169767186241
636,2,254.241846797505
637,1,115.867097648722
638,1,172.576030884732
639,5,101.784193991425
640,3,638.422647859168
641,1,334.495475927259
642,3,214.84875111346
643,2,667.595514075681
644,1,142.370445943514
645,1,94.6436239477092
646,1,95.5912082301643
647,5,172.560475602549
648,1,146.44969950978
649,1,126.952157565296
650,1,78.4081387529767
651,1,154.024147346729
652,1,126.516726942351
653,2,251.853492088282
654,2,202.454366423766
655,6,298.568554762745
656,1,223.533864102213
657,3,120.639851537104
658,1,222.449596004325
659,1,161.114552690561
660,6,304.834955101799
661,1,95.9805854497416
662,1,117.948961043493
663,1,143.909630003921
664,1,160.065112394173
665,1,135.163856448022
666,3,147.98247756987
667,1,60.5045500795882
668,1,168.625081784959
669,6,637.981926573409
670,1,180.044353354955
671,3,246.270211336923
672,3,112.199155172716
673,3,282.050103682699
674,1,138.443435757337
675,2,321.079008273127
676,1,215.307984214392
677,2,128.199319569859
678,1,72.5903358450156
679,2,227.379951557094
680,1,188.948892162754
681,2,108.487501119309
682,1,161.778675487337
683,2,109.739323530456
684,1,181.809431080456
685,1,223.954209953501
686,2,153.982652995463
687,1,104.429656800019
688,1,117.296796500439
689,1,141.271529750421
690,1,148.637778153599
691,1,173.063804200022
692,6,224.267306818327
693,3,462.028361298864
694,1,199.040507892931
695,6,92.3498601465379
696,1,142.978008037537
697,3,89.6480968499992
698,3,166.819922457772
699,1,189.139445101515
700,1,198.355908975681
701,1,147.493419954778
702,1,160.10795375487
703,1,111.434324285191
704,1,122.006375512504
705,1,176.447031563134
706,1,156.080820719814
707,3,172.98606960278
708,1,68.5111600581906
709,3,389.758492759392
710,2,165.381796251737
711,2,277.497904213274
712,1,83.289094751741
713,1,70.3170282637041
714,2,210.902702120575
715,6,154.488133305049
716,6,122.3469727179
717,1,145.73611477406
718,1,274.421973530283
719,2,196.424093722775
720,2,261.628130865391
721,6,138.947272301573
722,2,182.761506467169
723,1,105.604059475504
724,2,379.174847655629
725,1,78.8971844453151
726,1,88.4640721869343
727,2,266.183066001046
728,1,104.556285306241
729,2,170.019848158203
730,1,256.266994698645
731,2,139.831123261011
732,2,186.22221507015
733,6,247.072597386058
734,6,318.238347480842
735,2,224.122974983422
736,1,285.315454954169
737,2,262.50409990621
738,2,216.693273292176
739,1,178.257006496541
740,1,125.494858702366
741,1,235.964619897222
742,1,102.781505644984
743,1,230.993001129807
744,1,165.87322610314
745,1,151.394967320845
746,1,84.0282988238262
747,6,155.607478985803
748,1,156.957790281252
749,6,220.863085872832
750,2,215.05352888745
751,1,181.540915214821
752,6,99.3366287041033
753,6,238.673786392599
754,3,311.144418046238
755,1,89.5026030371285
756,2,103.287141388441
757,2,141.168633384494
758,2,233.291039929478
759,1,96.8049815966741
760,5,107.145711220001
761,1,68.2334548980637
762,3,168.649158498678
763,1,105.218321915485
764,1,87.1508334689464
765,3,199.731723128803
766,6,174.563544426146
767,5,217.702772902218
768,1,110.870258207127
769,1,187.870106269938
770,1,254.129602559813
771,1,89.5322373680021
772,1,88.6449900452959
773,1,71.5217337155938
774,2,181.659181387266
775,3,211.586176254967
776,3,148.795957973937
777,3,163.433755312911
778,5,104.077557267211
779,3,273.544421827872
780,1,209.340820442787
781,6,190.320354752474
782,2,324.198144095313
783,1,98.4832331900049
784,6,394.877153315182
785,1,119.393389270853
786,1,89.0858031940553
787,2,178.45765136296
788,6,145.68678800056
789,2,190.47912245314
790,6,260.859370498
791,2,734.23818496712
792,6,216.72721942883
793,3,132.304558811748
794,6,420.645399596125
795,3,77.5184960616796
796,1,201.253228537206
797,1,146.821670444658
798,1,97.7993255452764
799,1,165.373581290914
800,1,143.894672771633
801,1,155.839265569202
802,6,180.220924389875
803,1,241.224526210294
804,6,164.110488887927
805,1,142.457034104837
806,1,116.138972756259
807,3,312.703973454149
808,2,243.685832956883
809,1,93.5458885431489
810,1,144.060734301427
811,1,93.6370982576651
812,1,114.796431371451
813,2,298.421162059483
814,6,163.336961863135
815,2,174.302825457539
816,1,175.115861829859
817,1,275.863425821469
818,6,161.808741051605
819,1,166.0966721038
820,1,82.1474634571471
821,1,75.3050842948618
822,5,135.574164807194
823,1,107.578869541039
824,6,210.945600130721
825,5,86.7505032171032
826,1,106.894352007549
827,1,287.928190669453
828,1,185.333372650069
829,2,191.396687386001
830,1,184.34983654284
831,3,57.6757121918953
832,1,191.154879078484
833,3,513.088912345811
834,3,147.18987943621
835,5,130.617809519236
836,5,135.102419824825
837,1,97.8573806741882
838,6,187.43326839505
839,1,117.753503802776
840,1,126.291840166296
841,3,487.374143769093
842,6,243.15985065001
843,6,254.629215946263
844,3,176.584977106573
845,2,192.344927606608
846,1,443.44254253757
847,6,105.799134126264
848,3,211.943653766613
849,2,341.698490086827
850,1,171.46158327458
851,6,193.771019470506
852,1,164.382065933583
853,1,172.46410555921
854,3,1726.281837038
855,1,132.211838604622
856,6,301.974290112676
857,1,142.412928543557
858,1,83.551963786954
859,1,70.9248833006085
860,1,134.152416681246
861,1,224.234298468989
862,2,158.103722808728
863,2,119.120070165138
864,6,91.3932852430386
865,1,247.533222675751
866,2,169.595616814119
867,1,195.39636819337
868,2,148.756080963778
869,1,584.98994273125
870,1,184.900446714765
871,3,105.074881970308
872,6,546.873045495847
873,1,107.420349341211
874,3,163.855263832643
875,3,132.558995482243
876,6,520.20627375943
877,3,272.860497489219
878,1,160.010788447619
879,1,236.044915085671
880,1,172.137363473365
881,1,101.530617686354
882,3,381.548046617341
883,2,445.847270160661
884,1,144.110848173307
885,1,94.9641893561909
886,1,103.847789724247
887,1,258.371131557515
888,7,351.742838606162
889,3,900.277497596172
890,1,102.721979891652
891,3,139.542716215547
892,1,73.6424607864775
893,1,108.94294112904
894,3,164.114647371525
895,1,155.391702312818
896,2,132.599628444439
897,5,82.2794546509743
898,6,183.984138367769
899,3,81.8524569015524
900,6,168.862708215572
901,3,101.003502870872
902,3,436.940175816695
903,2,194.536542905142
904,1,69.3189986158605
905,1,141.952636388457
906,1,248.525854650426
907,1,141.909940804389
908,2,262.100972820075
909,1,80.3481605790245
910,3,456.004408540426
911,2,589.633821734844
912,6,154.682231777037
913,6,287.209033414027
914,1,144.198128705485
915,1,158.731418002986
916,3,69.3763492749564
917,1,147.487164621212
918,1,141.691323302174
919,1,109.271344312264
920,1,79.7885789043288
921,3,503.574048990241
922,1,89.4954002467671
923,1,193.108504994815
924,1,109.381760935345
925,3,233.839180309933
926,5,169.125552693434
927,3,129.576003875334
928,1,192.328327885823
929,3,144.241826301596
930,1,61.5309586977321
931,1,166.11540158234
932,1,188.757463560997
933,1,257.7659786033
934,6,214.745879206372
935,1,246.617619324107
936,3,294.968854184895
937,1,147.290333744101
938,2,193.203265758961
939,1,203.923856534243
940,1,100.330069400881
941,6,154.812846838823
942,3,108.958835674144
943,1,213.179836087473
944,1,347.274270905941
945,2,106.2644342248
946,6,214.993178331589
947,1,142.072866264843
948,2,135.78065454948
949,1,154.870541448471
950,1,150.484045994272
951,1,215.605523018562
952,6,175.014786793842
953,3,680.691535435975
954,6,520.916113714794
955,1,149.55922443539
956,2,194.166239743584
957,2,145.187952648362
958,3,134.267069154251
959,2,251.629733771768
960,1,131.165129930341
961,2,176.660918805183
962,3,167.923990601508
963,2,271.553688527387
964,2,203.487655877
965,1,131.513047471271
966,2,371.056216698861
967,3,370.390106294945
968,1,121.149341516488
969,1,121.440394114933
970,1,311.042700458539
971,1,217.274640725597
972,2,206.026379916011
973,1,117.84953121428
974,1,102.611357746513
975,6,553.672709862356
976,1,225.767814512828
977,1,119.224582774893
978,5,109.643325093017
979,3,87.8484126713598
980,3,247.692630790482
981,1,158.622319290427
982,1,82.8538968163552
983,2,253.49094987132
984,6,430.473415744697
985,2,219.306939511948
986,3,155.093630502088
987,1,125.113382128464
988,6,327.474209413147
989,5,107.847027518705
990,5,94.3497823799489
991,2,187.446265244418
992,1,196.384268973333
993,2,213.07917197772
994,3,447.750598161506
995,3,267.552440699018
996,1,114.107458587712
997,1,225.019470291311
998,6,187.972295427837
999,1,179.298243314069
1000,3,279.275467271283
1001,2,284.187305598551
1002,1,119.141450360814
1003,1,155.917311656491
1004,1,201.921345911712
1005,2,617.903175945991
1006,1,117.533222432868
1007,1,163.506576079005
1008,2,258.062932564654
1009,5,65.3228543653657
1010,1,126.058779493702
1011,1,107.830776574976
1012,1,158.946208185512
1013,3,502.425487559809
1014,3,466.497832263614
1015,2,110.88071232693
1016,1,99.5901537741617
1017,5,96.1242963153897
1018,1,128.220683598908
1019,2,651.008310904176
1020,1,69.4770483869922
1021,1,100.762082654328
1022,3,485.798163300904
1023,6,203.46390794154
1024,1,122.020101337839
1025,6,203.257853970609
1026,6,154.935368606739
1027,1,123.997751991447
1028,1,183.207816625347
1029,2,118.339646574264
1030,5,84.0247934251526
1031,2,274.552813894449
1032,3,254.12927399139
1033,1,299.35378125293
1034,3,205.379177343998
1035,5,100.811602178642
1036,2,343.176132588456
1037,5,91.0992741580856
1038,1,109.670366209008
1039,3,147.476645263281
1040,3,209.199714613001
1041,1,136.52720795585
1042,2,157.869214669138
1043,1,114.538874520358
1044,3,142.339995189452
1045,1,109.17010537288
1046,1,111.985664057115
1047,3,65.4571702106998
1048,1,162.444360590637
1049,1,399.471869784986
1050,1,106.85130811737
1051,1,165.96908205295
1052,5,93.3918526948768
1053,1,128.519596518041
1054,3,518.61441655288
1055,3,305.71803405158
1056,1,153.682043161704
1057,5,59.5550256651671
1058,1,229.221466007403
1059,3,344.682372873132
1060,3,255.495051216833
1061,2,134.79682775274
1062,3,94.2792503761845
1063,1,108.737685803973
1064,1,87.7598118819355
1065,2,75.0879721290843
1066,6,517.734353236114
1067,2,146.181008076438
1068,3,132.597091932028
1069,1,109.393202776234
1070,3,179.0121249249
1071,1,73.8885659012532
1072,1,121.745249290307
1073,1,89.1547246808363
1074,2,142.673305307687
1075,1,135.09892131939
1076,1,135.695276007184
1077,3,164.305131079659
1078,1,97.5138830445858
1079,2,280.5297476576
1080,2,216.283334151445
1081,2,251.117106284117
1082,6,178.973984736451
1083,6,553.972171676603
1084,3,177.325130267736
1085,1,197.311542562507
1086,3,509.975714115315
1087,1,173.907267290673
1088,2,157.072912224659
1089,1,208.580456844
1090,1,89.8443862085563
1091,3,148.884466524963
1092,1,172.026854720867
1093,1,174.054170439465
1094,3,273.900372209527
1095,3,138.068109788459
1096,3,212.976106294157
1097,2,194.30879462527
1098,1,102.268921393976
1099,6,109.467244754717
1100,2,535.173001120666
1101,6,123.728990440774
1102,2,293.292643988619
1103,1,76.3515928261905
1104,6,247.686218023344
1105,3,135.21474543436
1106,1,124.584299223476
1107,2,258.807625052008
1108,2,124.988769050428
1109,6,151.060203357622
1110,2,214.171225801688
1111,1,219.340686682938
1112,3,309.841779738193
1113,3,142.966045779614
1114,6,296.210495541702
1115,2,1038.94878265849
1116,6,166.141422288216
1117,6,174.470383751949
1118,2,151.854907964963
1119,1,390.362071059888
1120,5,55.3065355463907
1121,3,192.437518130499
1122,1,90.6812077053429
1123,1,241.322208254943
1124,2,401.182290920709
1125,3,133.411680715325
1126,3,157.020622453559
1127,6,524.177969290811
1128,6,366.195935580687
1129,2,390.718005656932
1130,1,105.088342934014
1131,1,183.824867061075
1132,1,259.990148504376
1133,1,121.561391168136
1134,3,103.173432095643
1135,2,163.185491766477
1136,2,185.689593928987
1137,1,142.820244887528
1138,1,186.499318404335
1139,1,121.688441793636
1140,1,174.608257462319
1141,9,225.116739751419
1142,2,270.592424303739
1143,3,152.764993242248
1144,3,180.666744623901
1145,1,114.172913165965
1146,1,87.047210132617
1147,1,195.687313727077
1148,1,198.572594361422
1149,1,160.577719367659
1150,2,189.866629968192
1151,3,183.889174525338
1152,1,172.022970516063
1153,6,280.524047110982
1154,1,94.2400983016583
1155,1,184.49645114241
1156,1,136.815263072239
1157,2,127.262275473722
1158,6,157.388550689493
1159,1,176.644278438772
1160,3,126.801271087281
1161,1,127.539198412619
1162,5,99.3847367325563
1163,3,246.730143556585
1164,1,99.3306067619548
1165,1,122.332333946073
1166,1,89.5024970903357
1167,2,263.570749138842
1168,2,244.301769435854
1169,6,231.241340009268
1170,6,185.573367939014
1171,3,498.131591869635
1172,3,295.73557200583
1173,5,95.8069223638381
1174,3,104.560953057848
1175,2,238.953822113174
1176,2,564.265918176676
1177,5,108.614947883064
1178,1,161.842013712237
1179,2,100.488401411487
1180,5,109.841757496273
1181,2,192.445802518235
1182,1,397.352778490868
1183,3,111.743908751805
1184,3,160.241011906776
1185,6,169.837777145125
1186,3,170.2529140882
1187,1,50.5098820395825
1188,1,163.86217217751
1189,1,107.948961520119
1190,1,100.443174273863
1191,3,148.280142685675
1192,6,307.602490305649
1193,1,92.8077696759683
1194,1,199.614658470198
1195,3,181.598125479523
1196,1,248.343941827876
1197,1,218.344744868053
1198,3,191.577514384308
1199,1,54.1660357693989
1200,2,294.852921840394
1201,2,1573.90276923956
1202,1,190.333598820698
1203,5,123.028483215248
1204,1,183.818861405657
1205,1,66.2555029421714
1206,1,139.448541178495
1207,3,193.550948142294
1208,5,244.822520861369
1209,2,273.674002754711
1210,1,282.001861026023
1211,6,256.749009414865
1212,3,1000.09316674784
1213,3,238.278792541342
1214,1,194.528720131513
1215,9,107.695528427014
1216,1,390.036061441737
1217,1,207.3205600867
1218,1,140.212892171802
1219,6,501.649633398522
1220,1,155.331823633029
1221,1,157.443782032594
1222,1,200.684685679315
1223,1,159.480467192765
1224,6,497.883275701172
1225,1,129.918455738128
1226,1,92.7858032942839
1227,2,240.695507044384
1228,2,157.870727625053
1229,3,204.334225474961
1230,1,114.829558174342
1231,3,930.012431071129
1232,2,226.936136675047
1233,1,175.323652934743
1234,2,227.319784102844
1235,1,187.421708121275
1236,1,260.632292469775
1237,2,209.979467495577
1238,1,127.853165044289
1239,2,222.244828915768
1240,1,159.001603257453
1241,1,116.877016075588
1242,1,111.831167770015
1243,1,157.534567314204
1244,1,123.004672115133
1245,2,137.12072861773
1246,1,84.4822271476407
1247,2,208.140622363884
1248,5,102.820379710039
1249,1,114.067888553688
1250,1,261.97919722003
1251,2,248.404282193347
1252,3,442.39255787166
1253,3,164.037354101241
1254,3,172.488995376035
1255,3,144.529675401419
1256,1,84.9518353789877
1257,2,250.949550833858
1258,3,478.624872834169
1259,1,133.273960274891
1260,1,87.8453813981607
1261,7,419.870265553447
1262,3,148.787136115785
1263,3,79.4778279704205
1264,3,90.5884751553144
1265,2,137.120061503808
1266,2,189.942411989855
1267,1,197.666020155406
1268,2,168.374033734015
1269,1,90.3863955054406
1270,1,107.031134520955
1271,3,127.929284047268
1272,6,199.940281464901
1273,3,164.704707951527
1274,1,90.1837395838339
1275,5,432.027854299706
1276,1,228.448083769308
1277,2,189.001045027857
1278,1,106.91294350147
1279,1,193.627922516655
1280,1,100.31661722929
1281,2,252.790527275575
1282,1,137.957302787639
1283,6,235.923573627813
1284,2,398.550552740102
1285,1,181.919559636501
1286,1,101.407855576123
1287,1,111.718145182553
1288,1,132.732362901671
1289,3,266.509474547743
1290,1,98.9963923377875
1291,6,275.051508075453
1292,1,133.826160121156
1293,2,245.600003185432
1294,3,158.951314551088
1295,2,310.771807470884
1296,1,149.612713983743
1297,1,56.5039736832414
1298,3,220.518471818699
1299,2,386.693031275956
1300,1,138.148331212335
1301,1,137.537781176286
1302,4,662.472130008356
1303,7,450.350296174301
1304,1,181.011005789224
1305,1,120.572735446578
1306,1,115.796210282724
1307,1,133.478712670713
1308,1,153.0252219993
1309,6,211.047094297909
1310,6,228.540641988375
1311,2,224.933652322122
1312,2,260.080007774635
1313,2,134.573652700769
1314,1,142.238536672886
1315,1,305.748885966445
1316,6,126.132030840484
1317,1,156.641841119541
1318,6,506.8726897213
1319,2,134.611310607314
1320,1,160.995264399882
1321,2,254.843287266543
1322,1,195.190372757941
1323,1,80.8007641889072
1324,2,312.573278554499
1325,1,141.491996029518
1326,6,267.472359733871
1327,1,127.568084296448
1328,5,94.6318496412206
1329,1,117.315855647379
1330,2,251.063432894989
1331,1,180.57582764879
1332,2,147.122188128866
1333,2,329.445625147652
1334,2,177.621955899263
1335,6,304.700333137719
1336,1,108.742856619691
1337,2,188.189338263829
1338,1,126.583841114228
1339,2,223.018843711684
1340,1,70.1698607833144
1341,1,139.601928960963
1342,5,115.353447434756
1343,2,252.626764263588
1344,2,244.6755064189
1345,3,458.989303189944
1346,6,145.533821878367
1347,1,91.9458949621198
1348,1,84.6733765154341
1349,1,115.345152495224
1350,1,115.392915690237
1351,1,267.475726781504
1352,9,234.785260769818
1353,3,480.967044927286
1354,3,206.322442861073
1355,1,317.393476281586
1356,1,74.9828379294634
1357,1,128.852729912905
1358,6,239.946674800092
1359,1,98.0107927400495
1360,1,161.878515461031
1361,8,197.885162666604
1362,3,187.886709136426
1363,3,137.656517490512
1364,1,97.1869155083831
1365,1,109.270295509537
1366,1,162.064758137682
1367,1,98.95056821683
1368,3,116.303550219453
1369,3,219.904716693983
1370,3,113.729432807251
1371,1,107.493487407054
1372,1,123.236962859532
1373,2,205.93346434867
1374,1,259.288783810588
1375,1,103.334634995098
1376,6,150.135879507085
1377,3,158.539660169234
1378,3,176.953123718683
1379,6,298.208543845694
1380,6,227.882277478202
1381,7,1516.14276773376
1382,3,305.439858474928
1383,6,246.026041276563
1384,6,369.967658451062
1385,3,113.838147121348
1386,3,237.332155055031
1387,2,156.985270232562
1388,1,130.447324630519
1389,6,246.108249023299
1390,1,136.815041877904
1391,2,133.516746520639
1392,3,104.998729297512
1393,1,140.417219496471
1394,5,285.425388290921
1395,1,128.407081601177
1396,3,97.2069018226858
1397,3,161.82654273457
1398,1,316.582384865091
1399,6,184.321791695439
1400,5,184.891679732111
1401,1,183.94238533306
1402,3,197.733914411982
1403,1,102.784179201963
1404,1,231.518952741476
1405,3,96.2357195225896
1406,1,106.504260589887
1407,2,269.532593537712
1408,1,131.312305046893
1409,1,141.790908970692
1410,2,109.364663110498
1411,3,149.360173426335
1412,6,219.74327068181
1413,1,163.655766440127
1414,5,131.051374090363
1415,1,232.400821110129
1416,1,139.481126301784
1417,3,100.4276025112
1418,1,151.161223624271
1419,4,637.870485726312
1420,9,42.9018002223766
1421,1,208.096807738557
1422,3,178.673296099637
1423,1,294.246695475638
1424,1,132.679418135207
1425,1,150.015110347422
1426,1,181.528108113414
1427,1,292.639247458668
1428,1,139.552373791012
1429,1,87.5974036065281
1430,1,209.174590837427
1431,3,365.477902471974
1432,1,135.280879263595
1433,2,227.985154743648
1434,1,160.782060190725
1435,3,141.918053309657
1436,1,146.439138880658
1437,6,154.867797340077
1438,2,289.98661166622
1439,1,306.541258973608
1440,1,143.795816902617
1441,2,167.372640436964
1442,1,238.380933066867
1443,2,81.3987152294599
1444,3,144.840626934924
1445,3,169.328342002788
1446,9,75.8970645865551
1447,3,163.047691070879
1448,5,79.7968579694823
1449,2,118.386272700148
1450,2,156.14705630495
1451,2,256.510312387157
1452,1,157.679706927391
1453,1,137.707434318172
1454,6,507.256988719748
1455,1,277.38330867404
1456,3,142.326883033766
1457,2,187.677490744027
1458,1,187.326993284271
1459,2,279.156066224188
1460,1,106.789637450769
1461,3,170.400355841494
1462,1,86.2651321244002
1463,6,192.86942784209
1464,1,149.441694335413
1465,1,978.828712798696
1466,2,117.174688022823
1467,6,201.169445704623
1468,5,307.203026597127
1469,2,317.645738898443
1470,2,236.525159445485
1471,1,135.936997763909
1472,1,248.562057549125
1473,1,93.022060276857
1474,1,206.270039133891
1475,1,150.034266878128
1476,1,119.171435725939
1477,6,223.28683647671
1478,6,100.65648462137
1479,1,209.78727104045
1480,3,165.355004721908
1481,1,142.466201054868
1482,6,123.150461890251
1483,1,180.882416006603
1484,3,400.411425705987
1485,1,288.003398761221
1486,2,607.66544257589
1487,1,140.501203107603
1488,1,296.439760211247
1489,3,129.944242464523
1490,1,139.138236141254
1491,2,223.163811580657
1492,5,104.529336934129
1493,2,215.007494902221
1494,1,194.210793455826
1495,1,196.850431550389
1496,1,187.174612175274
1497,2,187.679781843344
1498,1,297.583373851579
1499,2,300.787607450611
1500,3,184.542969112207
1501,2,405.637777362705
1502,1,106.913762816651
1503,1,264.920501503077
1504,3,107.758511095499
1505,1,108.273590431753
1506,3,114.171529363207
1507,1,562.050340329868
1508,3,205.845261965838
1509,2,112.437007634217
1510,1,119.917420279895
1511,1,143.423832166209
1512,3,147.401675561089
1513,6,223.80967559969
1514,1,80.3017697164908
1515,1,179.076239228307
1516,3,299.638307982203
1517,6,162.004637006495
1518,2,165.811575603858
1519,1,165.440178338608
1520,6,242.515940289985
1521,6,209.448679829853
1522,2,172.489652078289
1523,2,121.397941824586
1524,2,286.190283992722
1525,6,99.4115963987728
1526,1,90.2549206770988
1527,1,272.701326101772
1528,3,161.200567918094
1529,3,110.37299967613
1530,6,167.055619457877
1531,1,108.96549665481
1532,3,152.06991750694
1533,1,82.4286228362377
1534,1,249.635270011696
1535,1,268.469406745004
1536,1,164.664985397224
1537,2,234.89735802594
1538,1,124.49044403633
1539,2,189.221581211113
1540,3,186.675671477135
1541,1,192.433282524656
1542,2,436.777361561454
1543,1,163.596921506421
1544,1,245.63217321447
1545,3,317.237105547546
1546,6,142.008151574693
1547,2,137.768679520192
1548,1,99.1803052308377
1549,1,171.244193559875
1550,3,471.315338298112
1551,2,107.379299286869
1552,1,92.0543212536094
1553,1,133.432725023882
1554,1,114.327172736863
1555,3,473.494020826389
1556,1,185.472191877186
1557,3,135.034075201517
1558,3,155.216035330054
1559,1,76.6610602467672
1560,6,306.198299747096
1561,3,113.677846442275
1562,2,132.599491094709
1563,3,221.458515449731
1564,5,83.7030890709967
1565,6,513.011160544826
1566,1,156.036789723635
1567,1,117.345712327
1568,2,175.705406234972
1569,1,125.466898223564
1570,1,173.460192028597
1571,1,121.746934077577
1572,1,142.387392363689
1573,3,156.8561722158
1574,2,322.291735766499
1575,1,140.266221596753
1576,6,245.599619858509
1577,5,93.479561519296
1578,1,132.126491914896
1579,3,69.8484003312679
1580,1,296.552437160722
1581,1,219.126103742319
1582,7,312.449603105576
1583,6,125.464015975227
1584,1,99.0614322199375
1585,2,272.92928828724
1586,1,149.372104394047
1587,1,151.451183607713
1588,2,507.710284465015
1589,1,146.525711558492
1590,2,152.709861511256
1591,1,269.105543895875
1592,1,222.939154913127
1593,1,163.900372452981
1594,1,345.184837178734
1595,1,148.721156210104
1596,3,103.615650098495
1597,1,63.9181146195953
1598,1,89.9887084262764
1599,1,151.904541335347
1600,5,152.847711563309
1601,1,117.274729460582
1602,1,96.1669046794945
1603,6,299.217972198226
1604,3,267.867234902255
1605,1,210.683775578987
1606,1,216.25342074441
1607,1,242.696301597118
1608,1,203.205238246418
1609,3,178.139564792462
1610,1,211.461351503129
1611,1,209.975988241279
1612,1,77.8062673949729
1613,1,236.764576458896
1614,2,218.068705424462
1615,2,167.77805838066
1616,3,201.543935221957
1617,2,230.897265041441
1618,1,64.2321611143432
1619,1,176.119910794509
1620,1,106.593596487257
1621,1,104.092987461472
1622,1,253.707555229863
1623,2,266.600949282627
1624,3,187.883913133336
1625,1,103.690559651233
1626,6,301.922637102149
1627,2,268.869612447999
1628,1,167.856122007912
1629,3,154.917771972698
1630,1,66.2535265355984
1631,3,166.345163488499
1632,3,135.179608552822
1633,1,102.941551697047
1634,1,153.445943370637
1635,2,183.003966160966
1636,2,257.844234950313
1637,2,506.78469868338
1638,2,264.695939956337
1639,2,408.258942401835
1640,1,131.692107633593
1641,1,139.464185716694
1642,2,403.621647485187
1643,5,275.673663011168
1644,3,207.93954069434
1645,2,164.238092785495
1646,1,144.223649254767
1647,1,184.809219445228
1648,1,156.545808902985
1649,1,140.263412600122
1650,6,202.643244127934
1651,2,254.583820680463
1652,1,107.115051720203
1653,2,161.779024496531
1654,2,196.960274493405
1655,1,328.886660422157
1656,3,306.459674213792
1657,1,102.251325430477
1658,2,203.583119543821
1659,3,221.085394223105
1660,3,122.914744944621
1661,1,89.9428235870646
1662,1,270.860361264335
1663,1,136.731716359804
1664,1,168.743589169922
1665,1,134.217023554879
1666,3,207.006888928436
1667,3,125.255339777592
1668,1,206.07204293021
1669,6,374.249828402629
1670,1,152.432513714495
1671,7,389.18546566842
1672,1,109.669515202142
1673,1,359.119410849525
1674,2,117.256767784916
1675,6,238.862625572413
1676,3,412.416303347285
1677,2,1151.84742412534
1678,3,83.0073445056784
1679,1,114.982688213568
1680,1,160.25990553371
1681,1,117.641012271095
1682,1,140.943505042151
1683,1,150.948807932871
1684,1,65.867594191172
1685,1,290.688706689691
1686,1,56.9207763714585
1687,3,179.006782067428
1688,1,97.698893609995
1689,2,314.246626920007
1690,1,221.392700098351
1691,1,146.314626589007
1692,2,234.67419934958
1693,3,173.793694247121
1694,1,107.306786425632
1695,1,105.960587403957
1696,3,202.589740133214
1697,6,92.0648605015025
1698,1,214.772021650688
1699,1,138.886221904062
1700,6,219.877889896752
1701,6,441.547860419947
1702,1,147.922023808215
1703,6,182.58392336066
1704,5,126.443864489338
1705,1,191.303277000691
1706,2,122.854788773501
1707,3,234.059351030864
1708,5,112.983042053705
1709,2,126.852774662183
1710,1,197.083206512527
1711,1,192.213156779174
1712,2,255.172662761836
1713,1,174.023228241966
1714,6,149.887184586802
1715,1,91.6925564721354
1716,3,482.181198261583
1717,3,146.441911571517
1718,2,445.319254505613
1719,5,90.5987816459992
1720,1,266.425960009692
1721,1,101.443219047869
1722,2,128.684041875429
1723,1,193.86545994964
1724,3,133.455213006909
1725,1,122.023799749193
1726,1,176.531110734383
1727,3,253.551631048667
1728,1,184.775342187518
1729,6,266.465399142568
1730,1,151.633495725133
1731,3,144.056132356222
1732,6,508.310210991103
1733,1,142.935526059465
1734,3,188.973124332502
1735,1,107.137641072702
1736,1,317.082450019885
1737,1,76.0790408213113
1738,3,146.252811414119
1739,1,183.715845906114
1740,1,108.587754696921
1741,1,119.63133273452
1742,1,118.733991263312
1743,1,112.927958492393
1744,5,83.0363821564385
1745,2,219.329740036875
1746,2,236.797437017625
1747,1,176.851004447833
1748,1,110.909938579699
1749,1,204.363290317561
1750,2,226.691606843826
1751,2,143.482264547794
1752,3,177.908190785297
1753,1,212.666717543924
1754,1,149.764090412501
1755,3,161.874325214617
1756,1,246.8635685351
1757,3,141.098381820516
1758,1,201.92948694551
1759,1,121.502897872667
1760,1,118.611248727213
1761,2,99.4590943688567
1762,3,134.337667888965
1763,1,82.6077930946768
1764,1,128.755306931794
1765,6,177.615791716371
1766,1,94.7300074614224
1767,1,103.367107495723
1768,1,119.301550681243
1769,6,517.574503464311
1770,1,158.562027816568
1771,1,239.128175374233
1772,1,125.222002696189
1773,1,199.918908812086
1774,1,109.438115592821
1775,1,214.101473030956
1776,1,74.3895963162481
1777,1,139.686812106629
1778,1,141.668366550474
1779,1,258.078798405124
1780,7,1049.43398320816
1781,1,227.467675507167
1782,1,112.209581154588
1783,5,87.7499584808086
1784,1,195.718836979095
1785,1,142.141401909889
1786,5,119.478933101523
1787,3,99.5008347846949
1788,3,349.462165176469
1789,1,169.179043736538
1790,2,229.589969534016
1791,1,85.5506057964558
1792,6,148.014759552382
1793,1,145.155377699655
1794,3,492.030728436233
1795,1,75.2462798645783
1796,1,104.194454262667
1797,1,95.2490941455784
1798,1,179.835037669858
1799,1,151.36051177335
1800,1,80.8348527582495
1801,3,368.747882865842
1802,1,112.525868227847
1803,3,154.001560780354
1804,6,98.8536388930047
1805,2,298.928686193062
1806,1,92.0021056059776
1807,3,154.67002028889
1808,1,76.9535996711606
1809,2,182.494577727277
1810,3,438.756042523454
1811,1,77.573212230118
1812,2,126.963768803865
1813,1,214.413298848104
1814,6,281.984944238894
1815,1,108.429761680279
1816,3,157.635971920801
1817,1,128.174578684994
1818,6,124.37582261541
1819,2,177.710959271161
1820,6,237.276912445098
1821,1,233.583636400136
1822,6,192.548295336059
1823,1,246.490851985757
1824,1,189.587004443572
1825,1,208.256340938747
1826,6,531.046865306487
1827,1,127.956788608217
1828,1,292.956798147359
1829,1,248.019036950833
1830,5,72.9849496810952
1831,1,253.133345065772
1832,2,185.891113915785
1833,1,182.260787701111
1834,1,303.966132559714
1835,6,468.907685363267
1836,2,74.1399595303497
1837,6,312.594691110909
1838,1,118.92103792921
1839,1,171.133018688665
1840,1,110.29747269488
1841,1,187.147086804119
1842,2,1551.73267408348
1843,2,196.949082285451
1844,1,176.253321275957
1845,2,191.243795623389
1846,3,437.199561556486
1847,1,77.1042677263767
1848,2,123.295385749371
1849,3,170.319178921462
1850,1,96.4258693241352
1851,1,110.518417907528
1852,5,107.136163936161
1853,1,161.771709376417
1854,3,123.953439745443
1855,2,282.998299621955
1856,1,500.453933198035
1857,1,428.705130120546
1858,3,369.84463472084
1859,1,172.869431691143
1860,6,544.799257255325
1861,5,103.52569354309
1862,5,168.290889900094
1863,6,206.0905900373
1864,1,136.238063226672
1865,3,68.1629552261431
1866,2,255.647310060888
1867,1,108.148931222086
1868,1,189.217831900656
1869,2,255.98877962381
1870,2,88.9710291954925
1871,1,81.6027166322621
1872,2,245.536042071462
1873,3,163.567701646016
1874,2,268.569242898263
1875,5,117.623977346276
1876,5,91.1544294333523
1877,1,178.237218303668
1878,1,185.264109666986
1879,1,204.827106780541
1880,5,90.0837583377211
1881,1,93.9262191442901
1882,1,79.3015017910198
1883,1,76.2590621953998
1884,6,1550.69740068413
1885,1,120.26242062577
1886,1,231.450168473745
1887,1,109.694694436945
1888,6,358.2672801706
1889,3,210.131836905989
1890,3,439.971795045546
1891,1,103.465321664237
1892,1,62.2431145373713
1893,1,125.826184340909
1894,2,117.016981776156
1895,1,178.249710101623
1896,1,145.459839829415
1897,2,199.695646050947
1898,1,94.3750946905364
1899,1,78.9860678194973
1900,3,272.374247895472
1901,1,125.646378481508
1902,1,1509.51307377869
1903,1,73.5168948135614
1904,1,398.648714251839
1905,2,188.989822490944
1906,1,138.695569847922
1907,1,86.0087537788391
1908,3,441.979035514978
1909,1,200.270994711093
1910,1,151.91343221771
1911,6,412.070871992022
1912,6,510.46821331879
1913,1,209.134338535795
1914,6,548.875621373323
1915,1,268.674820736405
1916,2,461.276907739596
1917,1,124.204059381429
1918,3,257.43767838324
1919,3,181.869214668507
1920,3,189.243306393554
1921,3,168.81241172533
1922,1,90.8645990210839
1923,2,96.488034592591
1924,1,183.659732320983
1925,2,261.133558753125
1926,3,139.811451214082
1927,6,241.154646730363
1928,1,125.042674736714
1929,3,128.224876714858
1930,2,114.509615856165
1931,3,147.903391838211
1932,1,92.2972937883521
1933,1,114.038902826181
1934,6,134.837544965859
1935,1,122.306023241276
1936,1,103.831579817071
1937,2,232.618591550078
1938,2,150.78247804914
1939,6,517.068964196662
1940,2,172.695396137616
1941,1,276.003620499765
1942,2,218.833978384287
1943,3,465.413586343731
1944,1,55.2064643268901
1945,2,391.339786844923
1946,6,201.646312268967
1947,1,167.308373319769
1948,2,179.134986498866
1949,1,188.100174912983
1950,1,750.593070273169
1951,1,118.38088908238
1952,1,160.2561833348
1953,6,213.275793927608
1954,1,154.148917065585
1955,1,75.7083923774224
1956,1,213.096745687951
1957,1,210.578870780007
1958,2,225.865475192786
1959,3,172.044633030699
1960,3,429.522229654555
1961,3,587.791272843127
1962,1,190.991109494988
1963,3,150.072795362901
1964,3,244.032103915966
1965,1,90.0198388618093
1966,6,249.815228551716
1967,3,461.957616324154
1968,1,113.225521214367
1969,3,257.088025205947
1970,1,159.843603668598
1971,1,95.4218903159806
1972,6,97.8733873635729
1973,2,193.020730008692
1974,3,124.209488802379
1975,6,111.648233141948
1976,1,76.1332320608059
1977,6,286.21111354573
1978,3,147.757701178706
1979,2,233.252152002301
1980,3,340.49997389663
1981,3,357.315939083684
1982,6,265.888670150028
1983,6,170.871774391506
1984,3,240.394928641161
1985,2,468.797736599341
1986,1,105.700881468787
1987,1,132.045227019391
1988,6,146.124946310813
1989,3,103.45099206626
1990,2,331.902532140568
1991,1,188.327267851713
1992,3,136.444241478295
1993,1,122.874896921234
1994,6,133.885220029559
1995,1,194.466423034877
1996,1,117.431741085803
1997,1,103.061673963902
1998,1,173.41616067556
1999,2,319.806589366795
2000,1,114.163246260751
2001,6,95.3147564360858
2002,3,145.231469557329
2003,1,195.222860527201
2004,3,199.871514114939
2005,6,178.419913791573
2006,1,212.654667658304
2007,1,292.058524772487
2008,1,151.210899698716
2009,1,1333.36634335358
2010,1,163.235676282533
2011,3,179.505515825766
2012,6,181.804245330952
2013,1,187.501077095766
2014,1,186.803397040854
2015,1,203.740057472994
2016,2,279.534412305865
2017,6,268.733411250476
2018,6,665.174360753036
2019,1,123.950112147673
2020,3,179.779029267965
2021,1,137.77557941612
2022,6,501.560798505342
2023,1,300.045200534949
2024,1,157.472477987634
2025,1,135.539857177172
2026,1,103.477516811751
2027,1,190.721983693388
2028,1,202.694740792754
2029,1,301.303871806442
2030,1,210.515537354335
2031,1,135.622972314158
2032,1,87.535306733085
2033,1,102.94838770828
2034,2,264.049660113881
2035,1,187.626268207151
2036,6,154.721095818473
2037,1,136.262295064526
2038,3,372.616904021733
2039,1,122.584133084071
2040,3,177.240242043688
2041,1,97.4201284982076
2042,2,149.466094331619
2043,3,171.953553618143
2044,2,138.997806673791
2045,2,233.586981105693
2046,6,267.884433657261
2047,1,148.591263762244
2048,2,195.217486941902
2049,3,139.15431721293
2050,2,219.079472489149
2051,2,228.845957263582
2052,2,194.768281001572
2053,1,375.585579760878
2054,3,241.636606630216
2055,1,84.3239731402696
2056,1,98.0421494005657
2057,1,179.105265857204
2058,1,179.240897180688
2059,1,235.166822008842
2060,1,129.871059487117
2061,1,80.7329241127878
2062,6,260.535882400872
2063,3,387.515015090433
2064,3,216.683461115152
2065,1,168.255178081456
2066,1,130.886668474082
2067,2,147.036382024433
2068,2,296.550342771545
2069,2,285.214392435563
2070,3,235.219790193648
2071,3,234.094257527319
2072,1,138.952077313055
2073,1,106.446062994208
2074,3,509.136742076385
2075,1,102.524504933884
2076,1,210.221414390839
2077,5,118.073166862124
2078,2,158.778037439877
2079,1,185.365848071281
2080,1,159.037950296347
2081,2,335.762995869454
2082,1,133.131785429382
2083,1,148.016765844725
2084,1,156.090915150451
2085,1,161.350891743892
2086,6,506.905455759766
2087,2,153.929487125783
2088,1,82.0822640374543
2089,3,252.223132476073
2090,1,140.111009432331
2091,3,199.256521406135
2092,2,64.6107402505397
2093,2,129.850813339237
2094,1,116.344631780583
2095,2,284.944542483904
2096,1,121.3837038606
2097,6,311.693063124858
2098,1,86.9116726234847
2099,1,74.6286106247454
2100,1,91.3682510062269
2101,1,141.589491279654
2102,1,139.560377137864
2103,6,154.617225146626
2104,2,320.179630199002
2105,1,129.564707572641
2106,1,460.568570095039
2107,1,173.115660884006
2108,3,302.816887390794
2109,1,180.367365111921
2110,1,126.087669024168
2111,2,210.313666355281
2112,6,129.917198155341
2113,1,139.774416672654
2114,1,111.037989296016
2115,2,173.072567988873
2116,1,341.490624661966
2117,1,115.528683803135
2118,2,165.291190685537
2119,1,232.800980168635
2120,3,391.531668325905
2121,1,175.216865818939
2122,3,225.675897864361
2123,1,202.594684421979
2124,1,322.944765873578
2125,2,202.486720082043
2126,1,277.086433284714
2127,1,195.501696704952
2128,9,231.024560473716
2129,1,165.507914834637
2130,2,353.324014264111
2131,2,817.535441196868
2132,1,155.410463614123
2133,2,130.209051654911
2134,3,196.434076714529
2135,1,124.777836697586
2136,2,180.138777929843
2137,2,182.098101842187
2138,1,201.897487999278
2139,1,197.570710806199
2140,6,498.843726669565
2141,2,243.687215710037
2142,6,159.558510838712
2143,1,146.136685888484
2144,6,157.376424154128
2145,1,401.221547904551
2146,1,141.688427727123
2147,2,114.735123300559
2148,2,348.81941543351
2149,3,209.88632943181
2150,1,95.0358000593843
2151,3,226.676439542805
2152,2,219.276280669889
2153,1,152.387966782821
2154,3,302.875375004631
2155,3,154.457228292383
2156,6,154.695562214027
2157,1,122.914650596641
2158,3,483.000815515555
2159,6,179.615330724357
2160,3,507.1087397366
2161,1,169.562017455039
2162,6,276.960809346391
2163,1,111.953212957442
2164,1,155.847696913775
2165,1,141.399500220459
2166,3,1215.15868289212
2167,5,104.827492914713
2168,5,200.235157728624
2169,1,94.8619249960125
2170,6,181.238330068473
2171,3,417.449024438204
2172,3,203.088811896837
2173,1,101.05996464949
2174,1,83.401417534204
2175,1,94.492570246859
2176,6,183.391134921707
2177,1,98.0175277230383
2178,5,92.1859095995223
2179,5,69.2254948639901
2180,1,111.961573114936
2181,1,139.040008008585
2182,2,369.716453583937
2183,3,447.88993551317
2184,3,85.2871748442971
2185,1,79.1680030278189
2186,1,106.14840107607
2187,1,208.930133824676
2188,1,106.384477634019
2189,3,314.375014226526
2190,6,547.88202541877
2191,2,354.455243712638
2192,3,296.685652154449
2193,2,240.316419175135
2194,3,101.126409135358
2195,2,397.221481967482
2196,1,174.888041687423
2197,1,187.030301767991
2198,2,364.875385312147
2199,6,295.125396587667
2200,1,209.930710760909
2201,1,258.300343435462
2202,1,120.491626419374
2203,1,280.607346929672
2204,6,115.181587109575
2205,6,287.272920233242
2206,1,263.997655675473
2207,3,184.023966992645
2208,6,111.134714528788
2209,1,114.739164634209
2210,1,313.080428087213
2211,6,221.698434335108
2212,1,70.0546192734535
2213,6,212.77004631801
2214,2,265.015975785302
2215,3,160.595068671318
2216,2,290.853482934547
2217,2,304.34640137417
2218,3,98.4978880589617
2219,3,389.969152450496
2220,1,92.3164533472416
2221,1,315.582753524036
2222,2,494.321579597914
2223,1,250.351665016057
2224,6,255.368318475741
2225,6,203.796252190624
2226,3,152.651600311856
2227,1,264.266857495769
2228,1,89.954434121854
2229,2,136.598462140809
2230,1,101.151366353895
2231,1,171.090336392642
2232,5,125.973557621099
2233,1,139.924301571514
2234,1,152.143521629239
2235,1,176.941173086923
2236,5,84.5285339792406
2237,1,94.2157464219404
2238,1,188.65543579189
2239,2,145.033305934443
2240,6,247.090089131634
2241,1,188.622117673905
2242,1,105.128356820035
2243,1,278.683576233414
2244,3,335.786686175363
2245,6,166.752060333905
2246,1,70.2712801979947
2247,2,186.356420519745
2248,6,317.781685701715
2249,2,278.61556443269
2250,1,265.974052378444
2251,3,229.917296999449
2252,1,136.314186554672
2253,1,152.643986359809
2254,3,159.96831675372
2255,6,505.615943313219
2256,1,182.339636068638
2257,3,92.6114437339631
2258,3,164.436900866571
2259,1,170.502537922294
2260,3,117.676220696249
2261,1,303.405415582873
2262,3,506.335816356729
2263,1,93.859859254106
2264,1,209.965419387267
2265,1,145.117831686769
2266,5,356.196254623684
2267,2,124.605670241324
2268,2,129.900210851841
2269,3,345.481422982967
2270,1,110.422881152048
2271,2,119.175114883305
2272,3,415.317871269367
2273,2,135.851088227069
2274,1,210.729034520623
2275,2,130.56897397323
2276,1,120.614503055485
2277,2,205.848540572516
2278,1,173.39483818431
2279,3,393.8695814421
2280,2,133.496581437557
2281,1,83.5653026439337
2282,3,188.267469269578
2283,3,89.7087438830552
2284,1,134.675541180453
2285,6,77.8601938346166
2286,6,181.476478302798
2287,1,180.405697351918
2288,1,110.857004027296
2289,1,109.131689229396
2290,2,109.420715567589
2291,1,113.613910554882
2292,3,195.875335616531
2293,2,409.821632052317
2294,3,181.528060222537
2295,2,186.544918620002
2296,1,78.7943347236535
2297,6,336.844214675134
2298,6,176.557028806454
2299,1,124.423846759283
2300,2,282.397512225828
2301,5,171.631551434078
2302,1,94.6803454435386
2303,5,104.20727378315
2304,3,89.4325064775412
2305,6,380.658302287159
2306,1,152.93308638715
2307,1,123.466677647253
2308,6,200.033050206327
2309,3,306.826059362793
2310,1,92.6322886062549
2311,5,91.7056515070725
2312,3,501.521139791626
2313,2,321.759646306674
2314,1,246.171613745517
2315,2,330.082498164041
2316,1,181.089031847405
2317,3,171.665071258904
2318,3,199.850556563152
2319,1,73.8349203497892
2320,1,64.7574670037584
2321,1,187.745784032854
2322,3,459.608555415942
2323,3,122.78391183305
2324,1,127.328267475351
2325,1,140.325544163347
2326,1,154.213535136685
2327,2,292.969022250537
2328,6,175.283349464362
2329,2,126.205761670878
2330,2,325.476856060554
2331,2,147.466740622777
2332,2,182.880436155323
2333,6,918.896342851741
2334,6,188.414144905792
2335,1,270.323598107613
2336,1,69.9853194692274
2337,1,106.014879871438
2338,2,189.223568124833
2339,3,197.762332103724
2340,1,122.283880963865
2341,1,145.498614038705
2342,1,243.177319067769
2343,1,191.617292270212
2344,1,152.238721032621
2345,4,990.130110246843
2346,1,159.324757021806
2347,1,210.918382864493
2348,1,64.6145821312785
2349,3,164.458393829327
2350,1,101.589344007021
2351,1,120.015222835368
2352,2,157.120550779976
2353,6,241.090643781376
2354,1,84.7266636120359
2355,1,130.92290649031
2356,2,235.903309142696
2357,6,509.463076636541
2358,1,109.328493604649
2359,1,192.665550880034
2360,3,789.17489844791
2361,3,221.805334416428
2362,3,89.7678069956876
2363,1,1517.78173235134
2364,3,261.60418930617
2365,2,347.133123612684
2366,1,225.63869796344
2367,6,197.891528165119
2368,1,107.268177926336
2369,2,274.255437780681
2370,5,207.403202818521
2371,1,127.489390776023
2372,2,115.789346671266
2373,1,124.415541931207
2374,2,261.1313499707
2375,1,211.686597858608
2376,2,473.794458039929
2377,6,573.478692550356
2378,2,151.432973207528
2379,4,333.6522917772
2380,1,317.777945690475
2381,1,206.225991850256
2382,3,1087.20927122759
2383,1,46.3534951220846
2384,1,210.853489318976
2385,2,184.722671064786
2386,1,134.811120934751
2387,1,255.971853464136
2388,2,299.277610471415
2389,3,165.979385363141
2390,1,148.025870712983
2391,5,68.9905096310177
2392,1,176.460645333066
2393,6,187.980112229998
2394,1,111.117349382874
2395,2,519.762345567451
2396,1,188.475350631447
2397,1,178.523969109643
2398,2,154.351934663517
2399,1,133.06543294949
2400,1,198.785601320399
2401,1,152.268536718212
2402,6,141.132691408393
2403,2,172.835456547218
2404,1,262.349713195157
2405,1,125.073500422282
2406,6,297.410465901227
2407,3,190.114122783677
2408,6,175.292827221297
2409,1,113.99729998242
2410,3,196.855776650626
2411,2,274.179450970771
2412,1,198.347533797774
2413,1,229.7265846991
2414,6,127.232367541675
2415,6,543.30385760638
2416,2,262.994908284467
2417,2,294.187401581226
2418,2,231.161145662984
2419,2,226.742226429196
2420,1,120.391873395359
2421,1,105.545665911514
2422,2,132.425123201264
2423,1,58.7417330027063
2424,2,268.328190752809
2425,1,76.1220036526701
2426,1,64.9234352577469
2427,1,318.70733170317
2428,2,398.913223263352
2429,1,351.11990876423
2430,1,156.969656967157
2431,3,682.814088811744
2432,1,204.274276836348
2433,1,98.2953398153296
2434,1,103.772064023879
2435,6,241.151141992712
2436,2,266.603987606985
2437,1,164.060261844474
2438,1,77.8009952328233
2439,1,82.8836392255473
2440,2,296.19399125008
2441,1,341.424745376407
2442,2,143.437557651014
2443,2,202.344164992149
2444,5,52.5586072899379
2445,1,83.4308110638607
2446,1,95.9170614084408
2447,1,222.866455572284
2448,6,534.48104495731
2449,1,235.214386982055
2450,2,119.900187448396
2451,1,338.199416619938
2452,1,102.673010914296
2453,1,78.5609158499688
2454,3,219.623961473905
2455,3,214.777511640735
2456,3,136.185724644039
2457,2,222.612919708279
2458,3,166.251569744521
2459,1,113.550654571521
2460,1,386.599185842414
2461,5,103.116706408347
2462,1,200.87603188379
2463,1,202.319750074552
2464,6,140.690047365754
2465,1,239.340750698027
2466,2,156.372909956354
2467,2,261.345142865135
2468,1,169.809229647869
2469,1,580.552930888365
2470,1,109.523320006904
2471,3,492.897906696143
2472,5,201.701498933126
2473,3,243.379658504643
2474,6,171.608735464442
2475,3,239.075219496727
2476,1,183.669852287753
2477,1,68.1013829106912
2478,6,224.029336820894
2479,1,301.055055460671
2480,1,133.77105655523
2481,3,253.845476762188
2482,1,168.251041903521
2483,3,323.763136255024
2484,3,311.803609446971
2485,3,229.263788854188
2486,3,270.403654960978
2487,3,105.392442247291
2488,1,102.203623255212
2489,1,222.934018833262
2490,2,295.511008994141
2491,2,274.331490288379
2492,6,615.833880925141
2493,1,118.137163301333
2494,6,237.727883662636
2495,6,216.556941564716
2496,1,84.6563052841681
2497,6,148.758587487076
2498,3,248.64061359364
2499,1,129.913771865623
2500,6,103.370411397243
2501,1,208.722829606747
2502,3,424.840119970435
2503,2,317.79894738646
2504,1,126.384543678792
2505,3,183.561613461057
2506,1,131.245224720594
2507,3,195.729242357463
2508,1,88.9175238050103
2509,1,115.948916288397
2510,3,143.339918254368
2511,2,181.737197738133
2512,1,145.67170620896
2513,2,211.698944073736
2514,1,80.6251253056214
2515,5,80.8387353924853
2516,1,100.135008618115
2517,1,134.281953362502
2518,2,248.098058066465
2519,2,164.589773809956
2520,5,58.6171398774456
2521,1,291.508111085926
2522,1,119.783624388198
2523,3,145.87317433352
2524,3,198.116805141659
2525,3,157.901275155805
2526,1,134.618179969231
2527,6,248.890835673525
2528,1,133.129931761833
2529,5,99.577746074976
2530,5,80.8196263190609
2531,1,254.939760895608
2532,1,203.329409032566
2533,2,215.085864945369
2534,1,148.378075063975
2535,5,68.0617973292454
2536,3,370.233900920592
2537,1,111.603198361177
2538,3,319.558632777297
2539,1,105.088645234162
2540,1,108.984549274092
2541,1,273.910690005024
2542,1,123.691854986675
2543,6,250.803987699249
2544,3,178.510153632604
2545,1,206.347959899557
2546,1,187.408472222985
2547,5,128.444782854688
2548,1,502.806432663909
2549,3,199.168865574178
2550,1,170.134543325397
2551,1,164.800846311206
2552,1,92.4632685888683
2553,3,146.317622183765
2554,2,244.089840095309
2555,1,136.195358231045
2556,7,365.970170437933
2557,3,402.270464825883
2558,1,161.298600433651
2559,3,210.556991929735
2560,1,93.2272103557279
2561,3,128.311862198293
2562,1,139.282211238063
2563,5,137.739224678938
2564,6,363.570414577411
2565,6,232.202176440031
2566,1,606.246210728125
2567,3,156.108002256757
2568,3,69.6032166266741
2569,3,209.962440641184
2570,1,104.459770960739
2571,1,144.796755929901
2572,5,71.2996387432465
2573,1,101.224676411415
2574,1,201.076460615555
2575,6,512.354872692426
2576,6,188.956089781273
2577,1,59.8027233520412
2578,1,172.118407846542
2579,1,451.399828931222
2580,6,207.33160674273
2581,3,280.727275340139
2582,3,176.578660577035
2583,3,256.344927458631
2584,3,222.64606847904
2585,3,431.593371511596
2586,3,228.182400847725
2587,1,100.768021691374
2588,2,119.276776802392
2589,3,175.254461301984
2590,3,165.248556442993
2591,1,111.712716437794
2592,6,74.2630382583328
2593,1,1281.49228401044
2594,1,73.6662674697351
2595,1,186.234237051151
2596,2,266.964809887163
2597,6,196.780140145002
2598,1,178.602938007095
2599,3,400.014763295232
2600,3,189.306420764325
2601,2,250.428843075925
2602,1,113.796276729441
2603,1,156.958762074802
2604,3,1572.11180982523
2605,1,120.580085689539
2606,6,183.841516029785
2607,1,143.715906166343
2608,1,164.06147458773
2609,6,245.280889260301
2610,1,81.6499802158457
2611,2,172.385635097238
2612,2,306.415388067189
2613,2,144.825278187815
2614,2,303.014608284259
2615,2,247.322716112448
2616,1,190.135467160925
2617,2,147.402356348998
2618,1,117.700809017789
2619,1,138.366322353178
2620,2,282.512527864877
2621,3,192.638717488403
2622,1,115.473230911081
2623,1,102.92287391645
2624,1,142.872311931521
2625,1,72.3413970074544
2626,2,192.842539968632
2627,3,361.405419508475
2628,1,170.279286992248
2629,1,60.6196044323187
2630,1,92.9003938492096
2631,1,172.077017195183
2632,2,282.094928139984
2633,1,131.50538744375
2634,6,245.209728230013
2635,2,290.710484644564
2636,6,154.164312308816
2637,1,120.057365129993
2638,1,118.765784475753
2639,3,161.844497116268
2640,1,338.34853521895
2641,2,198.095590950507
2642,1,175.508931910092
2643,1,100.81628922903
2644,3,104.928457680606
2645,2,209.170797587497
2646,1,129.489211367967
2647,1,122.167789449789
2648,3,306.060458077751
2649,2,287.620415793731
2650,1,136.272300759261
2651,3,368.748392215809
2652,1,149.795423727493
2653,6,123.869837727055
2654,1,112.498511691861
2655,3,412.194471168485
2656,1,183.38092179106
2657,1,85.0589851811948
2658,2,101.476135766027
2659,1,176.11605231218
2660,3,393.62919129068
2661,1,55.3408144486416
2662,1,431.273980824171
2663,3,182.356620017895
2664,5,90.6517898176617
2665,1,142.363253688144
2666,1,305.74392414035
2667,1,163.674094262519
2668,5,159.957442258111
2669,1,77.8727016562098
2670,6,245.534396606469
2671,1,93.2485670478091
2672,3,436.749695762807
2673,2,125.689601682067
2674,2,254.142544457718
2675,2,302.870330454081
2676,1,151.832878425239
2677,3,446.462327344717
2678,1,112.489511666907
2679,1,95.9164832888608
2680,2,157.670029805247
2681,6,168.697282712559
2682,6,512.918130184612
2683,1,97.8020540195695
2684,1,134.064518671497
2685,3,306.39412743446
2686,1,913.448320300497
2687,6,278.955169717461
2688,3,143.307796365582
2689,1,188.125602155597
2690,6,551.920868479459
2691,2,190.081649534925
2692,2,228.284991411044
2693,6,164.198739361605
2694,1,133.823756252287
2695,3,160.446853543572
2696,6,114.298846836492
2697,1,188.477595896245
2698,2,126.356949507914
2699,6,519.041784567964
2700,3,172.41496943583
2701,1,136.997246407974
2702,1,125.484850457103
2703,3,255.453358652783
2704,3,141.406919863903
2705,1,92.5857851958745
2706,1,136.659945050628
2707,1,127.821318447807
2708,1,108.930653778276
2709,3,119.096181471893
2710,1,88.9466807236376
2711,1,70.3033561138489
2712,1,131.66735962449
2713,1,137.116097781039
2714,3,317.834427530723
2715,3,101.582685981706
2716,1,148.489260444239
2717,1,205.8246725092
2718,3,100.18568353125
2719,1,114.10357792199
2720,1,138.393126580748
2721,1,271.566096305798
2722,1,74.68562373358
2723,1,146.405956122052
2724,3,520.210253390659
2725,1,86.0798518997621
2726,3,181.173436755832
2727,2,133.744818797862
2728,6,531.854472555096
2729,1,160.028554226991
2730,3,129.223985281022
2731,1,188.005775625968
2732,2,267.850252359419
2733,1,98.6112490049201
2734,1,160.498237674966
2735,2,92.9691184674476
2736,1,160.607039599061
2737,6,182.733738523134
2738,1,96.0060475225876
2739,1,82.205710482573
2740,3,352.841637262065
2741,1,188.831969090487
2742,2,164.500633857788
2743,1,288.338279579467
2744,1,53.8946600056493
2745,1,601.997434510995
2746,3,177.012131509089
2747,1,86.2938514956724
2748,2,303.767581540989
2749,1,82.2785892219314
2750,3,157.39089268697
2751,1,130.091956732555
2752,1,207.888866139705
2753,2,205.630087996148
2754,1,677.875161307287
2755,3,512.530911027621
2756,6,147.543635789184
2757,1,142.383908937198
2758,3,113.484958939741
2759,2,215.321288795281
2760,1,181.552516912448
2761,1,148.992926516589
2762,1,134.997242326123
2763,1,97.5998026850664
2764,1,178.673524356499
2765,1,173.024117239853
2766,1,76.7737941137603
2767,3,81.9215096972158
2768,1,168.141733057123
2769,2,310.71679829922
2770,1,78.4612777812267
2771,6,574.83375206467
2772,1,115.813738649598
2773,1,104.246259422514
2774,1,113.379900866385
2775,6,154.476994730909
2776,2,331.71422224884
2777,1,121.894477619067
2778,1,182.044336898803
2779,6,610.934452364651
2780,5,106.83987807092
2781,2,242.976951696506
2782,2,351.594364402961
2783,2,218.647396361335
2784,1,157.997264770813
2785,2,249.650165703033
2786,2,255.187067853258
2787,3,334.56102771313
2788,2,438.153005883596
2789,1,91.1122980369526
2790,1,153.182146402366
2791,2,206.377047117884
2792,6,555.181361720981
2793,2,137.133689670718
2794,1,128.264498889224
2795,1,143.975085910638
2796,1,235.277300536896
2797,1,87.5775499180613
2798,1,307.213439025171
2799,1,130.104398002956
2800,6,211.01595232417
2801,3,121.590132198501
2802,2,164.6051406822
2803,2,301.409161282902
2804,2,329.379582316738
2805,3,288.205646456281
2806,1,72.3037802520384
2807,1,309.705518375369
2808,1,98.9966419604966
2809,2,365.709522050233
2810,1,103.984741194518
2811,5,76.9530721831357
2812,1,107.058920371116
2813,1,112.62164760234
2814,1,128.939506371907
2815,1,395.79981040254
2816,2,104.239015179175
2817,1,376.120833771952
2818,3,376.782601632733
2819,1,154.409652335022
2820,3,150.828645521461
2821,3,191.84005491967
2822,7,347.736588349854
2823,2,254.735783969533
2824,6,133.688741006882
2825,2,176.179330807525
2826,3,139.561118563087
2827,3,220.767433060496
2828,3,366.508491886717
2829,6,517.53737250026
2830,3,243.548849714882
2831,3,222.725143868237
2832,6,237.918318817981
2833,1,291.008516921986
2834,6,211.367988881836
2835,2,191.298203222261
2836,1,136.052135094157
2837,1,196.855726383701
2838,2,274.405468014604
2839,1,93.6583641824084
2840,3,217.708865977065
2841,1,58.3982866175326
2842,2,109.380107516032
2843,6,196.458901953332
2844,1,205.992398476582
2845,3,238.596401317839
2846,2,203.314983204773
2847,5,127.42218153598
2848,1,117.519373458816
2849,2,443.012221925672
2850,6,197.126751599586
2851,1,200.468168526628
2852,1,150.988217465429
2853,1,129.89893964383
2854,1,234.939356655631
2855,2,231.794328928138
2856,5,65.5256973136802
2857,1,136.537688726845
2858,6,140.924255732497
2859,6,135.459212469732
2860,1,146.579723961355
2861,1,134.501154950955
2862,6,116.70905631069
2863,6,265.026891148425
2864,2,212.337862826308
2865,1,157.290285113087
2866,3,222.676028599445
2867,6,549.432166293604
2868,2,749.373240822748
2869,1,90.1859528599953
2870,2,186.865434339875
2871,2,210.257149256006
2872,6,180.010731682897
2873,1,184.210483657872
2874,3,218.609256405303
2875,1,55.6851171157015
2876,2,251.823870701578
2877,5,115.611104655494
2878,6,297.209743439122
2879,2,120.765196487705
2880,2,281.875711398993
2881,1,101.49262224528
2882,4,624.009267355984
2883,1,134.720009836983
2884,1,151.88740439242
2885,6,195.259131387876
2886,2,316.905174533025
2887,3,140.791198388067
2888,2,248.150687419814
2889,1,152.898101886947
2890,1,60.9350716158411
2891,3,111.825645825994
2892,3,139.242368066849
2893,1,69.3917288598861
2894,2,732.777317540742
2895,2,203.502369114743
2896,1,196.659883019631
2897,1,195.832966606855
2898,1,97.0272162721389
2899,1,344.345453484657
2900,1,215.624599601552
2901,1,123.963316807459
2902,6,180.832501969554
2903,1,168.17955603262
2904,3,149.355675745726
2905,1,70.7383938881012
2906,2,143.903196866865
2907,1,246.821005441734
2908,1,142.315501367473
2909,1,125.147363814226
2910,3,193.369038138502
2911,1,112.792976269841
2912,6,372.451213181374
2913,1,142.191381936891
2914,2,308.452369335735
2915,1,97.5347953251801
2916,3,178.743607875036
2917,6,328.157348314147
2918,1,168.621070483619
2919,6,313.260374070735
2920,1,236.200081620368
2921,6,323.156001644198
2922,2,171.919495513974
2923,1,142.158152568607
2924,6,469.258430831229
2925,1,163.786328801484
2926,6,223.310675128363
2927,1,127.198887202285
2928,1,215.997589616206
2929,2,215.823341151605
2930,1,112.357128935161
2931,3,145.760343671785
2932,1,187.536939855136
2933,2,130.582519814342
2934,1,100.845705855548
2935,2,149.331652823764
2936,1,83.4376383180911
2937,1,139.138030858384
2938,2,244.983785439314
2939,3,233.381066010054
2940,2,269.446847839343
2941,2,177.877850364092
2942,6,178.380863730232
2943,1,255.127986470625
2944,6,280.808728358996
2945,3,468.409216610441
2946,6,290.954210427881
2947,3,403.792392230327
2948,3,263.463134358341
2949,6,246.193299070205
2950,5,122.266425177106
2951,2,181.647193547574
2952,3,192.144937398899
2953,1,133.323454334902
2954,3,236.719615040427
2955,2,181.050652632422
2956,1,95.8632374595104
2957,1,197.023851418759
2958,1,132.751109709688
2959,2,198.31362747802
2960,1,125.725084480444
2961,5,49.5273203498955
2962,1,136.894140598919
2963,1,206.767489166573
2964,3,109.241980909612
2965,5,100.747063366596
2966,1,217.832649758305
2967,2,668.389617381842
2968,1,1213.83246550465
2969,1,111.296130701601
2970,2,458.95300146367
2971,6,135.147417192008
2972,1,144.234389147162
2973,1,117.844647957495
2974,2,218.349114901156
2975,1,152.054753810086
2976,2,334.190701805756
2977,3,205.662646400005
2978,1,177.670007478043
2979,1,141.207831085505
2980,2,291.175560394339
2981,1,105.144767862713
2982,1,124.43719284226
2983,2,226.337949419562
2984,1,150.691174899118
2985,6,155.131897331972
2986,2,264.338399194634
2987,3,164.870306863136
2988,2,110.4349377014
2989,2,160.257032397191
2990,5,123.509047664609
2991,3,509.308492354804
2992,3,154.92969992834
2993,1,145.610919972566
2994,1,90.3441123069446
2995,1,111.000461932173
2996,1,105.514953466437
2997,3,314.255902914634
2998,2,229.864074075731
2999,3,174.271264028353
3000,5,82.834349982176
3001,2,158.559681750095
3002,1,108.978619785641
3003,6,346.199898228047
3004,1,127.301045444849
3005,1,105.29036674055
3006,3,151.808086040229
3007,1,54.034059234259
3008,1,128.240729577228
3009,1,222.208776046912
3010,1,156.192001764732
3011,2,99.7002611075504
3012,3,128.515264683198
3013,3,483.766077573935
3014,1,93.7073404851482
3015,3,262.883644833977
3016,6,180.498473699531
3017,3,418.419449594862
3018,6,192.383668155013
3019,2,183.801050594554
3020,6,217.168604069527
3021,2,114.283342504149
3022,2,166.034040052815
3023,2,194.795259970554
3024,3,199.227206177178
3025,3,146.069685735365
3026,6,344.413084002562
3027,1,435.884104856917
3028,1,326.708028332896
3029,1,140.911436035344
3030,6,227.305969400561
3031,1,72.0967103259333
3032,1,174.920788498559
3033,3,108.95758106497
3034,1,111.235981526269
3035,1,189.772161035019
3036,1,108.946103246279
3037,1,277.983089382342
3038,1,127.122717095825
3039,5,84.7861068037547
3040,1,95.6829062429049
3041,3,122.697465956107
3042,1,107.770874242865
3043,1,109.964567141679
3044,3,200.395615108325
3045,1,154.87878565734
3046,1,182.944111805781
3047,3,1531.94486090458
3048,1,130.818886480858
3049,2,213.979893161997
3050,1,292.87167976166
3051,1,111.030803933401
3052,1,173.660693338564
3053,6,201.621739847804
3054,1,114.248700785137
3055,2,236.008683164667
3056,1,70.4435227687112
3057,1,84.5558038814785
3058,2,246.029083141027
3059,6,164.328237816266
3060,3,364.939690362408
3061,6,129.647541618505
3062,1,91.1555053960604
3063,3,226.063633090258
3064,1,113.06321712768
3065,1,110.194622320449
3066,6,343.203549013259
3067,1,81.5572708576882
3068,2,167.406256305923
3069,1,224.652060476855
3070,1,83.3137011543185
3071,2,222.294434012129
3072,1,92.5099040881437
3073,5,137.823198784599
3074,2,349.031138844451
3075,6,241.678872733444
3076,6,248.060517635729
3077,1,178.85095421013
3078,1,242.043296312331
3079,3,109.227353879992
3080,1,180.903134924859
3081,1,515.706824563477
3082,1,105.546822174738
3083,6,538.07484036897
3084,1,178.370848802578
3085,3,444.415633886312
3086,1,154.709439042617
3087,1,162.836004413257
3088,1,241.044950127912
3089,1,318.672637178753
3090,1,130.559070005539
3091,1,155.843953260164
3092,1,110.375730654201
3093,6,105.526720610913
3094,6,256.18953971963
3095,1,73.9343684951528
3096,2,182.382408518913
3097,3,203.980495093549
3098,1,146.463573005619
3099,1,160.204928813477
3100,1,160.95384079399
3101,1,112.981386888058
3102,6,136.056518459657
3103,1,340.437800631027
3104,2,158.50348695245
3105,1,71.2274003593253
3106,1,69.9774296955475
3107,2,237.503316739497
3108,1,140.847011804349
3109,1,93.5356479069111
3110,3,356.399891599942
3111,1,109.402019108499
3112,1,160.21791305731
3113,6,150.211388637066
3114,1,154.105854595742
3115,1,76.913265588894
3116,3,147.371887497372
3117,1,70.9698794068011
3118,3,97.8758861417677
3119,1,200.648656601179
3120,1,93.3184879855731
3121,1,144.70428584305
3122,1,283.052846084592
3123,6,555.861259417206
3124,6,555.437134407796
3125,1,77.6898497325579
3126,1,115.742971919491
3127,1,107.28395996669
3128,1,184.426392773927
3129,2,307.338581312751
3130,1,274.34428648151
3131,2,765.102602513035
3132,6,208.089719915262
3133,1,109.286940729939
3134,2,394.652147931461
3135,1,117.419917274971
3136,2,292.855433424131
3137,1,105.08479404813
3138,1,348.25633343622
3139,1,91.828455721327
3140,1,207.698306460861
3141,1,130.464174531429
3142,3,211.863116198446
3143,2,273.256499776301
3144,6,255.87711748807
3145,1,223.944558261261
3146,1,175.571814205661
3147,1,97.8815294372488
3148,3,224.996957001935
3149,6,100.359725490307
3150,1,101.118605140955
3151,1,121.981529110599
3152,2,124.928711698188
3153,6,224.230163332512
3154,1,98.1917403168688
3155,1,157.992281518549
3156,6,181.666946255643
3157,1,148.676029722624
3158,2,301.132000380902
3159,6,216.083513128228
3160,2,136.431211620672
3161,1,124.232354562357
3162,3,264.523647741218
3163,1,200.790681966645
3164,1,165.448537031222
3165,1,112.591801569712
3166,1,116.275655382877
3167,1,192.409012612635
3168,1,230.83336207525
3169,3,222.389450543163
3170,2,111.741016824386
3171,5,123.585991980095
3172,2,234.173205106513
3173,1,118.87705477876
3174,3,200.374268782764
3175,3,424.537406017107
3176,1,68.8840485655146
3177,2,320.880685685809
3178,1,93.6522452513557
3179,3,857.205129184266
3180,6,466.514055948013
3181,1,160.220024386608
3182,5,109.576703277071
3183,1,144.413936469614
3184,3,286.872356952704
3185,2,223.128375025617
3186,1,197.932187395506
3187,5,94.1829216371645
3188,6,104.307038529891
3189,2,230.182200497994
3190,1,120.684895422805
3191,2,193.835627392559
3192,1,82.4480424473041
3193,1,103.620911072318
3194,1,116.622302044635
3195,5,111.787805815425
3196,2,216.784500785262
3197,6,551.621012596815
3198,2,308.743321130715
3199,1,147.923366993395
3200,2,232.975218830039
3201,3,585.784668890557
3202,3,153.713595585025
3203,2,315.816401492034
3204,1,154.943696547781
3205,2,180.830223094938
3206,3,370.789904833138
3207,3,199.47846927689
3208,1,154.510997051527
3209,1,139.341978162815
3210,6,138.013061324178
3211,2,164.111677279448
3212,1,1243.63339368801
3213,1,175.32688000474
3214,1,108.466591212263
3215,1,105.661562380196
3216,1,338.567273293961
3217,1,226.939490466047
3218,2,310.41983715002
3219,2,427.132156982738
3220,3,128.30058516816
3221,1,151.782693787828
3222,2,124.911767011336
3223,1,115.915836086978
3224,2,134.220598119173
3225,1,127.599099530005
3226,1,99.6307965539818
3227,2,95.218207789701
3228,1,199.709328630184
3229,1,72.083717478497
3230,6,125.72304669112
3231,2,264.803743885457
3232,1,231.602140513471
3233,1,181.868893605239
3234,1,123.383470426945
3235,1,261.655433295953
3236,2,132.985615519554
3237,1,136.810942310474
3238,6,307.973697791593
3239,1,150.296044401059
3240,1,99.1842945536318
3241,1,358.850232026592
3242,1,112.666414167761
3243,1,122.987345856614
3244,6,254.388789864016
3245,3,220.783687045466
3246,1,719.749979408515
3247,3,101.508561411582
3248,6,258.169837698386
3249,1,109.802132339718
3250,1,177.118007843061
3251,3,86.6173964390888
3252,3,305.497742949239
3253,2,150.483037777275
3254,1,140.664093865375
3255,1,146.191222484779
3256,5,145.690921943411
3257,1,100.746821391894
3258,1,126.197718231775
3259,1,356.76680198177
3260,1,114.758543616422
3261,2,96.1091514945935
3262,2,408.395351138677
3263,1,70.1051863870038
3264,1,311.588511145088
3265,1,196.516856804265
3266,1,80.4385717901586
3267,1,132.530020156962
3268,2,251.772229435335
3269,6,233.07495234756
3270,2,179.670316465248
3271,1,97.508612509608
3272,2,270.399546615795
3273,2,333.609316524905
3274,3,178.817959388146
3275,6,341.146937911031
3276,2,194.51626613905
3277,6,518.88535201592
3278,1,131.254199757624
3279,6,584.463552769354
3280,3,899.230546403324
3281,6,219.754893019883
3282,3,230.587347463016
3283,2,162.857886683479
3284,3,273.351927066504
3285,2,223.777938751743
3286,1,145.767517404489
3287,3,150.062832782553
3288,2,143.786053857289
3289,2,180.249387710414
3290,2,168.885730279077
3291,2,291.070084423301
3292,1,196.729848421557
3293,3,197.860858158152
3294,1,1250.43252518671
3295,1,126.893700659088
3296,3,316.530893633844
3297,1,79.1923780950264
3298,3,494.795689500096
3299,3,357.036299466166
3300,6,211.681834480345
3301,1,136.71105732434
3302,1,102.584751885508
3303,3,377.907885057275
3304,1,250.628959559641
3305,3,187.605368215573
3306,6,232.082302276221
3307,6,198.758744319033
3308,3,329.544840594739
3309,3,198.884416836158
3310,1,131.17329698512
3311,1,218.450026721323
3312,1,201.625553103434
3313,1,115.535790724037
3314,1,104.011287298931
3315,1,120.722649981295
3316,3,147.071306507348
3317,5,101.433543698782
3318,2,142.442485009076
3319,1,105.230179078973
3320,2,191.598454079261
3321,2,239.578482880337
3322,2,219.591757051488
3323,1,188.949498661808
3324,2,102.16924141314
3325,1,145.672136142251
3326,3,290.151449643038
3327,1,174.486458523836
3328,3,154.27167982111
3329,1,194.800092508857
3330,3,119.403893107796
3331,6,107.176184233685
3332,1,156.765041826877
3333,1,312.682629416056
3334,2,259.773489767255
3335,1,87.9660802229188
3336,2,279.259857368707
3337,1,284.43775032079
3338,1,105.36701115741
3339,6,171.393950262114
3340,1,130.065019519207
3341,1,106.49546479423
3342,1,197.462539043512
3343,1,114.453705120248
3344,3,193.992015660497
3345,1,288.183881958109
3346,3,172.166068406361
3347,1,95.2207130388253
3348,3,176.412497758383
3349,1,218.554328851599
3350,1,174.90442393836
3351,3,507.768389137233
3352,1,105.619927857143
3353,1,133.495638462422
3354,1,114.283309019114
3355,1,293.638279096395
3356,5,135.450530039783
3357,2,270.813846390123
3358,3,382.700092098758
3359,1,263.5805337855
3360,3,89.6920816949013
3361,1,163.31660371348
3362,1,102.418009023342
3363,3,271.758345207778
3364,1,130.35784913519
3365,1,123.158802430395
3366,2,213.15502415876
3367,1,164.010855012669
3368,5,95.4310285675605
3369,1,140.059578072117
3370,1,267.693486228735
3371,1,198.175148374477
3372,3,422.740764374412
3373,2,263.538733126313
3374,3,166.044996228726
3375,1,253.322180644063
3376,1,172.79797369963
3377,3,194.480565266422
3378,2,197.036099702439
3379,2,240.901268364039
3380,6,501.421293378773
3381,1,117.343396708555
3382,1,137.000428819575
3383,1,92.0034878569461
3384,1,279.052504406987
3385,6,227.612429265617
3386,1,116.024388933224
3387,1,251.577182896269
3388,6,225.586761960384
3389,1,102.455760975997
3390,1,154.831968600108
3391,6,586.844083952222
3392,1,256.454095688501
3393,6,177.175840051442
3394,3,449.332614880747
3395,6,118.773288726777
3396,2,187.568448795971
3397,1,130.802056464114
3398,1,155.072074273225
3399,2,169.531020612706
3400,3,49.5543995225713
3401,1,154.061947841552
3402,1,127.526253919203
3403,5,59.1881353883372
3404,1,102.929056226801
3405,3,497.984680505721
3406,2,272.073691119358
3407,1,95.0101122965235
3408,1,145.656884146151
3409,2,232.60117163292
3410,1,119.109630406138
3411,6,700.917170358889
3412,1,100.335059173076
3413,2,270.49629081066
3414,3,194.659446296095
3415,6,261.956469204598
3416,3,494.003157387495
3417,6,264.123792312504
3418,2,272.449196434966
3419,3,404.477958207814
3420,6,103.110315487947
3421,1,103.391846630732
3422,1,102.000014017519
3423,1,206.890465414576
3424,1,257.696792286002
3425,6,182.50368310322
3426,2,258.818016619397
3427,3,132.453159202806
3428,5,66.8063374302045
3429,2,166.74177826125
3430,1,191.426594283832
3431,1,65.6397336436625
3432,1,161.439744261517
3433,2,275.911489002421
3434,1,148.7952312472
3435,6,111.26178334109
3436,5,85.5089815432748
3437,1,177.004930731456
3438,1,93.4327418942873
3439,3,190.414186903947
3440,3,135.235726267962
3441,1,104.891215394369
3442,1,124.908890061455
3443,1,162.985199880943
3444,1,151.280406373517
3445,1,283.907584586776
3446,1,152.004948975958
3447,3,250.982985739699
3448,1,111.524824346934
3449,3,169.420630467317
3450,1,140.473451500191
3451,6,204.6100706196
3452,6,399.75110296051
3453,1,127.756772014544
3454,1,114.552446191937
3455,1,91.5696960787016
3456,1,108.271542237757
3457,1,146.546589017084
3458,1,114.96978885879
3459,2,235.442897633464
3460,6,173.015011647699
3461,2,142.718313448892
3462,1,176.045392516755
3463,6,161.630496842932
3464,1,158.114858343918
3465,6,139.554302192109
3466,6,497.251419654603
3467,6,583.321776883123
3468,3,164.482887727725
3469,2,173.234580418059
3470,1,217.329490754581
3471,1,68.2587539615079
3472,2,156.643810411036
3473,1,212.841519233528
3474,2,240.10142399632
3475,6,509.041284153011
3476,1,158.644248908301
3477,6,167.418424663689
3478,1,102.016068732895
3479,3,477.236979478697
3480,1,111.425736864091
3481,3,137.511653865984
3482,2,307.667039388332
3483,1,100.618709325195
3484,1,158.397366373845
3485,3,192.956283342613
3486,1,1178.18964427697
3487,5,90.5313303907474
3488,1,62.9692525162398
3489,2,235.165935347223
3490,1,129.233961479621
3491,3,159.811998536662
3492,5,161.121030687417
3493,1,112.498534244392
3494,1,239.989783654692
3495,1,118.174622884128
3496,2,150.019074002828
3497,4,649.843567492146
3498,3,1328.55314091214
3499,2,299.221224786664
3500,2,194.362850800689
3501,3,203.177555831381
3502,3,436.394930572871
3503,2,313.370112914397
3504,1,233.727558182674
3505,1,155.935255922257
3506,1,228.303309333616
3507,2,196.780737853023
3508,6,127.644186363147
3509,2,218.379949588193
3510,6,523.488212530065
3511,1,168.585791241157
3512,1,252.570235156721
3513,1,190.57158592365
3514,1,190.828634804193
3515,1,120.820339516817
3516,2,378.388163258065
3517,1,186.909932816492
3518,1,80.3795323016433
3519,1,155.754955522968
3520,3,160.020631523973
3521,1,86.8155394570508
3522,1,171.776525808316
3523,1,126.551336555743
3524,1,207.552179157362
3525,3,472.510199285535
3526,1,169.088250045767
3527,1,146.583783547866
3528,3,128.575824941137
3529,1,122.625892970541
3530,1,178.340937864034
3531,1,90.1423995111775
3532,3,150.546548042529
3533,1,141.883433753619
3534,1,178.767396551516
3535,2,524.002870772789
3536,1,247.121110524191
3537,1,233.461543840436
3538,2,190.491023823199
3539,1,137.688053360201
3540,5,109.226831984988
3541,1,124.834693330803
3542,1,149.2955569173
3543,1,173.513720459901
3544,6,505.836078474411
3545,1,125.438791458538
3546,3,302.285733375855
3547,5,79.8306458848589
3548,1,136.930581149481
3549,6,170.515505891887
3550,3,185.830500259642
3551,2,117.85732454588
3552,1,98.8314750764803
3553,2,240.150121172439
3554,1,136.498073324502
3555,1,93.5242711528716
3556,1,122.940512188126
3557,3,175.283671047466
3558,1,69.6950764184907
3559,3,132.858729886294
3560,1,154.221633035131
3561,1,112.321458674655
3562,6,495.697111860352
3563,1,70.9310943008952
3564,1,59.4821975828156
3565,3,170.039640288763
3566,1,92.0279053747753
3567,2,224.389598916173
3568,2,159.114217802644
3569,6,216.683712451684
3570,6,542.692259074407
3571,3,323.493101952997
3572,1,222.584432567825
3573,3,237.706465600238
3574,2,260.143557028932
3575,3,651.433069746847
3576,1,127.500351779839
3577,5,86.989320070566
3578,1,109.251215306244
3579,2,207.427413860662
3580,1,152.247277051729
3581,2,242.814915560583
3582,1,88.8584115255552
3583,3,153.690908609301
3584,1,137.366370201498
3585,1,203.752089959361
3586,1,73.8579694122168
3587,2,249.627162564216
3588,6,157.778928076403
3589,1,115.727070409852
3590,1,201.825249926182
3591,2,147.47692526058
3592,1,161.774278387267
3593,2,86.5226001337718
3594,2,571.820731154513
3595,2,339.178292242036
3596,1,268.163033134848
3597,6,111.814568421384
3598,5,144.764537177004
3599,3,112.524142048343
3600,1,144.192283020094
3601,1,110.09702439203
3602,1,144.374005799043
3603,1,152.121851558142
3604,1,133.936922604347
3605,1,108.468249937553
3606,1,173.183989831628
3607,6,227.833760489731
3608,2,208.462860269815
3609,7,564.833837557818
3610,1,363.922692417091
3611,6,592.603269636489
3612,2,158.11399771875
3613,1,91.5744339542956
3614,1,124.938511783741
3615,6,338.184678323814
3616,6,227.865823915705
3617,1,149.824170151151
3618,3,157.143948204994
3619,1,72.9271008932048
3620,1,191.411708203113
3621,1,103.810999031722
3622,1,187.426285388637
3623,1,121.595732235525
3624,5,109.526689343541
3625,2,212.315627179623
3626,2,294.839844802269
3627,1,121.359744923714
3628,1,334.430167607477
3629,6,170.657452889734
3630,3,202.946946762964
3631,3,83.4368596242621
3632,5,134.253049829358
3633,1,150.013017903261
3634,1,165.463574642609
3635,2,396.436171352625
3636,1,263.469672217647
3637,4,311.953665585248
3638,6,195.051869301237
3639,3,598.953567953136
3640,4,171.335483857849
3641,3,106.652382966545
3642,1,148.517017530047
3643,3,440.933498145304
3644,1,246.704986201083
3645,3,166.62386921842
3646,1,119.816100645633
3647,3,490.388682832891
3648,3,207.168830383309
3649,1,207.130669537563
3650,1,78.0115295972663
3651,1,141.167328089573
3652,6,233.237469185598
3653,1,149.156232988671
3654,2,261.819018985568
3655,3,211.926262538555
3656,6,202.56461665747
3657,1,241.560658281965
3658,1,108.175955466894
3659,6,122.55251003123
3660,6,136.574538277796
3661,1,58.4614797252625
3662,1,195.34414826858
3663,1,101.084724107227
3664,2,227.986922912921
3665,1,468.341482889928
3666,1,147.195589637762
3667,2,123.989710169926
3668,1,88.7439468774787
3669,3,441.019428595318
3670,3,135.119455027594
3671,1,239.421944023039
3672,2,162.468515569002
3673,1,131.208380832479
3674,9,81.274663001586
3675,3,133.67282305463
3676,1,150.255734108641
3677,3,409.738727463395
3678,1,177.617369340833
3679,2,355.39469269552
3680,3,204.715386086514
3681,2,326.705442377737
3682,1,135.988227994924
3683,2,178.821137533604
3684,1,139.0181279552
3685,2,332.957653494686
3686,6,155.859078139572
3687,1,175.228454670837
3688,2,152.090070699789
3689,3,140.272728198063
3690,6,272.532655134805
3691,1,176.524913114171
3692,2,149.825997312875
3693,3,207.944814231972
3694,1,381.549072931009
3695,2,495.43435983903
3696,1,126.274127389872
3697,1,225.245823452158
3698,1,79.9179911591745
3699,3,234.139214544562
3700,3,194.493276215841
3701,1,165.484639448219
3702,3,144.930278686975
3703,3,366.736102933296
3704,1,159.20506258688
3705,1,166.478652953044
3706,3,102.154042586521
3707,2,102.104138760516
3708,1,110.417007518644
3709,1,129.609210356764
3710,6,296.68862949155
3711,1,91.7423885603156
3712,2,172.097780731001
3713,3,207.589112083623
3714,2,148.986599090668
3715,1,91.6524205403666
3716,1,100.947417545709
3717,1,209.660303834107
3718,1,95.9360501584372
3719,2,148.97807185417
3720,1,204.995985252542
3721,1,87.2543794521972
3722,2,233.219762160465
3723,2,265.246455777628
3724,1,191.048400064688
3725,1,246.893809046946
3726,3,203.541803894262
3727,3,185.783792995237
3728,1,72.3176556357511
3729,1,139.37070175675
3730,3,152.543632374636
3731,1,258.751814085425
3732,2,230.99278511721
3733,3,412.909485639321
3734,5,205.448904148907
3735,1,130.904839208769
3736,6,155.738825776066
3737,6,242.629968236943
3738,3,458.284079918348
3739,3,185.302427639047
3740,1,111.886609552159
3741,1,104.981001170132
3742,1,153.702125047525
3743,3,238.411908249877
3744,1,107.353447077313
3745,3,234.020396056347
3746,1,86.9157654890839
3747,1,240.353457713399
3748,6,77.1714389304097
3749,2,207.077158732114
3750,6,236.61325087593
3751,2,339.617576384602
3752,1,91.1145296320123
3753,1,133.679560880133
3754,6,246.588279175392
3755,1,70.041473399637
3756,2,201.868412947811
3757,6,162.952400048549
3758,1,105.750900500311
3759,3,100.739360592523
3760,1,175.99789519186
3761,2,139.807863342082
3762,1,192.614046679561
3763,1,261.685485478235
3764,3,111.897063996829
3765,1,203.590492009602
3766,2,136.64481850049
3767,6,189.893174429023
3768,1,227.510200726932
3769,1,143.531033627209
3770,2,131.050466462108
3771,1,204.216088758845
3772,3,501.269974722564
3773,5,64.1417383388881
3774,2,234.668294712111
3775,1,568.606988741178
3776,1,157.247252795229
3777,3,145.30374792196
3778,2,284.179757837968
3779,1,279.063735188865
3780,6,500.129572337937
3781,1,171.40369351318
3782,2,97.6365877596624
3783,1,111.164387948139
3784,1,140.353541981468
3785,6,257.539212060969
3786,1,113.571110530326
3787,3,257.137184111259
3788,1,151.944464851331
3789,1,144.345593225217
3790,1,85.5155708175668
3791,2,347.512205805856
3792,2,201.783288636868
3793,1,88.3605278519096
3794,6,509.440274843722
3795,5,114.569162756616
3796,1,148.506159654251
3797,1,191.705157944655
3798,1,93.6113248702015
3799,6,504.423017967419
3800,3,207.057213107166
3801,6,145.919102264959
3802,1,260.020830172552
3803,2,191.165832499454
3804,2,203.44922610336
3805,6,299.937759783398
3806,1,112.607220151231
3807,6,360.467179284847
3808,1,119.27152758359
3809,1,135.511931068991
3810,2,181.31296777031
3811,1,225.644325795742
3812,6,231.949602958467
3813,2,322.738694252434
3814,5,96.8665796691823
3815,1,148.026521575747
3816,5,139.495751043852
3817,3,145.39355699886
3818,1,132.501443622856
3819,1,118.550759437536
3820,1,104.106374087204
3821,6,85.6365506501276
3822,6,196.149152270654
3823,6,160.168608659245
3824,6,479.726991253979
3825,3,238.03048702599
3826,1,176.554924522525
3827,3,199.759871476275
3828,1,177.554872373329
3829,5,72.6567503579244
3830,1,143.422258273616
3831,1,104.107180496458
3832,1,129.412764527336
3833,2,152.206424217351
3834,1,225.488730459821
3835,1,241.329581625429
3836,1,137.655250200385
3837,1,262.526383440019
3838,2,140.970625757949
3839,6,178.206684570557
3840,1,120.427201859562
3841,2,165.9126927972
3842,3,206.899395167502
3843,2,66.6523730899779
3844,3,199.582287852121
3845,6,188.605783906538
3846,5,104.932179729235
3847,1,130.43586319099
3848,4,660.094548832894
3849,1,104.07083854388
3850,5,244.96184727188
3851,1,139.037283266232
3852,1,167.67407171027
3853,1,217.614548738597
3854,1,122.48058581655
3855,5,88.2067647200985
3856,2,135.272951134017
3857,1,286.812023004482
3858,1,126.034957911817
3859,2,265.288661326332
3860,2,183.898150448072
3861,3,114.266604252579
3862,1,147.921717350167
3863,1,190.257180015751
3864,3,329.856833095921
3865,1,128.981693471895
3866,2,246.081777533959
3867,3,108.682391875692
3868,6,199.565145582713
3869,2,210.05289666454
3870,1,232.576115456262
3871,3,261.232764450147
3872,1,105.946552137757
3873,6,167.640568216204
3874,1,211.364867447194
3875,3,136.948959685418
3876,1,88.3248864168221
3877,2,168.540506274415
3878,3,377.979331055696
3879,1,257.370683884185
3880,1,1470.75644527691
3881,1,129.487238073276
3882,1,167.220601585294
3883,1,139.083935399024
3884,1,389.086304341344
3885,2,357.882866852207
3886,1,82.1288956446245
3887,1,113.964506173476
3888,1,482.735531400498
3889,2,263.666470586101
3890,5,115.056303463033
3891,1,128.817715121221
3892,6,343.542957702223
3893,1,205.69738980392
3894,1,171.213174990249
3895,2,257.431044585294
3896,1,123.992763278937
3897,2,178.828965997309
3898,6,113.099306818921
3899,1,212.813763283306
3900,2,199.994597211372
3901,1,95.9084995939795
3902,1,105.985458536938
3903,2,153.808565298062
3904,1,152.378529675198
3905,5,86.602195986511
3906,2,138.369858852688
3907,1,93.768070905925
3908,3,110.979542054174
3909,1,157.109463622719
3910,2,383.793191308467
3911,2,223.363078797297
3912,1,109.690219852449
3913,1,70.8980206684217
3914,2,272.185864869565
3915,6,180.179632936671
3916,1,192.450915500165
3917,1,282.313278551815
3918,1,150.943921136553
3919,1,82.6541816432127
3920,3,252.91699296684
3921,1,118.564584875639
3922,2,360.318200852343
3923,2,118.818433443454
3924,1,146.797815160983
3925,6,289.334214210103
3926,3,345.453103575725
3927,1,115.695658720512
3928,1,88.7799300817863
3929,1,202.511698109968
3930,6,312.996274408564
3931,1,92.4095641608962
3932,1,170.456261839268
3933,2,196.110491239977
3934,2,248.870175935022
3935,1,125.251025835723
3936,3,425.63952738701
3937,2,401.225610008448
3938,1,144.754958642089
3939,3,146.614458010134
3940,1,230.490609981926
3941,1,129.196035103635
3942,1,193.572268124685
3943,6,256.631525456548
3944,1,137.367717783183
3945,3,184.108061944362
3946,1,116.171644489528
3947,1,118.384907225335
3948,1,150.167859287373
3949,3,168.856456214064
3950,1,339.255275929702
3951,3,290.870738704568
3952,1,127.860583106045
3953,2,174.38880180346
3954,1,322.288278909002
3955,6,259.888040978825
3956,5,56.6597724880355
3957,1,202.762833729342
3958,6,224.104862886761
3959,1,186.127872815608
3960,1,149.021776540654
3961,1,84.0162161322139
3962,6,88.9202467266933
3963,2,191.972993417664
3964,6,178.706531744563
3965,1,138.301546289172
3966,6,235.55701271968
3967,3,209.199370754874
3968,3,132.922903319524
3969,2,98.0215630508005
3970,6,242.21978967293
3971,1,201.876123063492
3972,1,180.481062179089
3973,1,173.92115297232
3974,1,132.377194729522
3975,6,190.672932693135
3976,2,316.11324954472
3977,5,265.38965665642
3978,6,207.231487646185
3979,3,456.870630158087
3980,6,223.778978006866
3981,3,180.906943227152
3982,2,249.564858959032
3983,1,137.854587553412
3984,1,123.824557085452
3985,2,197.264793546977
3986,2,182.410686805697
3987,6,117.187697855293
3988,1,99.1676820986604
3989,2,199.490146580515
3990,1,99.8979657830474
3991,2,125.954495040814
3992,3,178.078391761905
3993,2,402.662980722917
3994,3,191.676636766945
3995,2,115.509185915328
3996,1,122.639221483554
3997,3,203.332445898968
3998,1,122.046915101099
3999,1,163.333601330352
4000,1,113.824781978859
4001,2,210.6600704434
4002,1,90.4977713546788
4003,2,238.717251844641
4004,2,308.519022854169
4005,1,107.154958877605
4006,1,183.339469757641
4007,1,121.290760860789
4008,7,405.13860005088
4009,2,238.196872173731
4010,3,138.398080908041
4011,1,133.445381210831
4012,1,149.931229793083
4013,5,112.46074916226
4014,8,197.885162666604
4015,1,186.771257575763
4016,1,96.1955787988064
4017,1,82.090849577495
4018,6,163.305291323055
4019,1,102.035104307401
4020,1,145.120185123417
4021,6,544.261157649825
4022,6,264.698710608566
4023,3,247.204546575757
4024,3,229.769936399845
4025,1,89.5973763884035
4026,3,157.331447277888
4027,1,139.892517551113
4028,1,137.612678951818
4029,3,151.704957273015
4030,1,227.986061376443
4031,2,323.451241063694
4032,1,87.1130411912796
4033,3,354.594025200758
4034,3,227.057249903152
4035,1,159.897496724055
4036,2,248.173270047034
4037,3,197.931572349537
4038,2,116.060641275502
4039,1,102.295529291033
4040,1,182.894407549819
4041,1,150.245493650855
4042,1,283.439812979021
4043,2,268.65981382562
4044,3,127.016809418914
4045,1,243.36682414154
4046,3,481.092767358155
4047,3,472.622548926964
4048,1,101.681516539282
4049,2,194.530795039722
4050,1,139.074046022492
4051,2,222.062355912127
4052,6,194.021459631901
4053,6,258.974901983149
4054,1,222.572400579158
4055,3,325.836571094045
4056,1,162.942196075229
4057,2,221.921909404784
4058,5,82.4983711130059
4059,6,156.003477860064
4060,3,77.4612730205437
4061,2,228.863792770634
4062,2,228.129768701315
4063,1,96.43293506239
4064,1,79.2390138251537
4065,1,79.2347499581239
4066,1,107.338532334858
4067,1,231.288242406475
4068,6,236.137654912733
4069,2,100.085058484343
4070,1,104.238832889312
4071,2,179.884587286481
4072,3,174.532767848911
4073,1,79.0837655316978
4074,1,308.758905318186
4075,1,96.7530598094422
4076,1,194.442357074439
4077,1,257.912094065298
4078,1,115.638740299968
4079,3,143.632764418421
4080,1,291.536733993981
4081,1,88.6298260924858
4082,1,171.977755427625
4083,6,255.260085086819
4084,3,440.078349506646
4085,2,436.343617846746
4086,2,152.818990514823
4087,1,125.543195560932
4088,1,138.663489844353
4089,3,244.736633834591
4090,1,199.906096738986
4091,1,285.790173271719
4092,1,125.428653789117
4093,1,90.7199827392277
4094,3,212.482988944836
4095,1,88.1990335026634
4096,3,222.97588131635
4097,3,130.076073735518
4098,1,136.130118179348
4099,1,65.2750220534687
