36609,36610,20003,36612,19845,36614,25538,36618,2059,36619,2061,36621,18923,36626,36628,36606
22273,36610,36609,27140,6788,13956,36612,35464,36614,36615,36618,36619,36620,36621,21902,2705,2066,36626,36628,32660,21909,11672,32410,20003,30121,33707,35378,19845,25522,17718,13111,20024,29113,36026,19010,25538,28234,593,36564,601,31591,234,11629,36606,36605,27134,36607
36614
34823,12298,2059,3082,2061,12305,7186,6163,2068,18451,18452,3091,35860,28700,18464,34850,34854,4138,7211,28719,34865,5170,21557,4151,4153,20537,12347,26682,6207,2115,28739,11334,11335,28747,16461,22606,26704,30802,29782,15450,4189,94,13411,29795,35941,16488,35944,32875,22636,3180,34926,11375,21616,28785,17523,29812,11383,25720,6267,25723,4221,29823,16512,2177,31871,20615,25736,20618,21644,12434,32915,34964,21656,30874,17562,24732,35994,34974,18591,31907,14505,7339,7340,29867,30894,22703,22708,26804,24762,36026,7357,29885,13504,12485,22732,26828,16590,35022,2256,29904,21713,18648,35033,27868,27870,12514,10468,35044,1255,4329,8426,17647,5368,10489,5373,33022,35072,17665,4355,17667,26886,27911,2313,16654,27921,7451,12576,31008,25888,29987,2342,2343,32040,2346,12587,32042,6445,13612,32045,21806,32046,6450,25908,12597,6456,10553,2367,12613,35144,9546,34122,3405,24916,8535,11613,350,6498,12644,18788,29031,1385,13675,11629,5487,5489,19827,31094,33142,11639,16762,23932,13695,17791,34177,12675,8581,27013,19845,34184,8585,8592,32144,6547,1430,11670,11672,11673,26009,16797,17822,16809,30123,6573,18861,23983,9650,19890,23990,27065,29113,35260,31165,2494,31171,13769,36298,16845,19917,16847,29139,468,16853,6613,35283,2520,5589,10714,10717,18910,5599,4577,23009,11750,32232,4585,31209,18923,19948,18925,18927,32245,26102,33271,35320,32246,20989,9727,11791,13840,19985,22034,8727,4632,29215,24095,20000,10786,20003,9764,17956,28196,11818,24106,31276,20012,6705,35378,11825,565,20024,6715,36415,19010,6723,22085,12872,28235,11852,33358,32335,33360,602,33374,7778,33384,5737,5740,35437,2670,31342,15983,31352,34429,9854,32386,6788,12933,646,35464,651,31374,14991,28302,2705,4754,666,32410,9890,26274,27306,31403,31405,15022,11949,33460,33461,4791,1723,21182,27327,9919,15041,32447,29379,26306,1737,18122,33485,36559,26320,33489,33492,14037,36568,31449,5849,28384,24297,7915,30446,18162,18163,11000,21240,14072,25339,14075,36605,22270,36606,36607,22273,36608,36609,24324,36610,36612,20231,36613,36614,36615,36616,3852,36617,36618,11023,31504,36619,36620,36621,36622,21269,36623,32532,36624,36625,36626,20248,17180,24344,17182,804,33573,2854,32552,30505,29488,33585,19251,21302,13111,22326,35644,2877,33597,33598,35645,1853,22341,3910,4935,13128,21326,13136,22352,2898,3921,19284,19288,20312,8031,31591,11113,31597,29553,31601,25459,24439,4986,20351,8067,15238,25487,34703,32657,31634,1939,1940,1941,32660,6039,15257,15271,25512,1963,31660,20396,10157,25522,24500,9142,6073,14265,5054,960,25538,30659,35780,29637,29640,13258,6090,10187,6094,27599,16336,2006,14295,36627,11225,4054,10198,5084,36628,9182,28638,6111,36629,15336,13294,24559,21491,14324
15369,12298,2059,3082,2061,18958,13326,2066,7186,2068,16407,26650,27675,8224,23585,20000,20003,2085,24103,34865,20024,6713,4155,2621,5182,12863,11839,27205,29765,16457,28234,28747,20044,22606,27726,22608,30802,4692,13909,23129,29795,34922,21098,31339,15468,15978,11886,29812,629,25720,28793,25723,29312,21123,6788,12933,13956,35464,23180,28302,32913,10897,26260,21658,32410,24219,2717,34974,18591,34975,23198,24738,15008,31907,19620,21158,18088,31403,15022,23215,19632,16049,12468,11447,24762,22202,9919,15041,29897,3786,18122,31438,14030,2256,10449,31451,27359,23776,3301,20710,2279,33001,22763,10990,10999,11000,30969,21240,14072,36605,36606,36607,36608,36609,36610,17667,36611,30981,36612,36613,36614,36615,36617,36618,36619,20237,36620,36621,31504,36622,36623,36624,36625,36626,36627,36628,22296,28441,22813,804,2342,2343,32040,24364,32045,3886,29488,20785,33585,13111,6456,34109,1853,32064,28996,22348,23375,11089,11613,9566,4959,7007,8031,8552,10601,876,11629,33134,29553,24439,29566,20351,32641,27013,19845,24454,34184,31113,22409,18829,21902,14224,11672,14745,11673,1944,28060,30111,30114,24483,33700,13734,20396,10157,27056,25522,24500,7095,20922,18875,5054,960,25538,15299,8131,29134,467,29139,5589,2006,14295,29144,474,475,5084,5598,4577,14307,997,11750,15336,4585,31209,18923,22508,24559,3058,33267,21491,26102,27134
34820,17417,3082,12298,2059,2061,18958,1546,19985,2066,26650,21531,14364,20000,20003,4138,31276,35378,8755,12853,20024,4155,2621,12863,19010,11335,16457,28234,28747,27213,32335,2640,593,29265,25682,23129,9310,11872,14947,29795,15978,11886,12402,29812,15998,31360,28289,6788,13956,5765,35464,31374,28302,2705,666,23194,21658,32410,34975,19615,31907,3240,15022,26802,26804,11447,36026,9919,20678,7366,33481,18122,26828,32973,31438,36559,36560,36562,36564,1237,35544,5849,5338,30939,31451,20702,3811,21222,2279,22248,22763,14063,16114,26868,11000,30969,5368,14072,36606,36607,35072,36608,36609,17667,36610,36611,36612,27911,34567,36614,36615,36616,36617,36618,36619,36620,36621,36622,36623,36624,36625,36626,36628,36629,22813,804,5414,32040,32045,25903,20785,28981,17718,13111,12095,28996,12613,13128,8524,27981,17742,24398,11613,9566,15716,32106,11629,9073,29553,31601,9077,24439,17793,8067,27013,19845,18829,3469,21902,1939,28052,24981,21909,32660,11672,11673,6554,1944,16798,17822,15271,11690,33707,21421,25522,22454,25538,29637,7111,18888,5066,29134,7119,17872,32724,5589,2006,10714,4577,11750,4583,15336,31209,18923,33267,21491,8696,6138,27134
36608,36609,36610,36612,36613,36614,36615,35464,36616,3082,2059,36617,2061,31374,36618,36620,19985,2066,36621,2068,36624,36626,36628,36629,11672,32410,11673,36627,20000,20003,31907,804,11690,31403,15022,36619,19845,32566,11447,13111,12863,25538,36623,18122,36625,2006,10714,11613,9566,14072,15336,18923,24559,29553,29812,11000,30969,36605,36606,36607
36608,36609,36610,36612,19845,36614,36615,35464,3082,2059,36618,2061,36619,36620,36621,36624,36626,36628,32410,20000,20003,13111,25538,2006,18923,36605,36606,36607
12293,6150,34822,12298,2059,2061,2066,18451,18452,28691,26649,26650,14364,2077,8224,16418,2085,4134,4138,16426,28719,48,2096,2098,4153,4155,10299,28734,2120,73,28747,80,30802,83,26710,94,2142,8289,32875,22636,22643,28793,28794,6268,2173,24712,18569,24713,34961,12434,32914,12436,32917,34964,22679,32922,24744,30894,34992,26804,6328,30904,30906,6331,30908,26828,32973,35022,2256,216,4313,219,10468,2279,22763,6394,35072,6403,8471,2330,290,2342,2343,2346,12587,20785,28979,10238,10558,24894,6470,26950,26951,24917,31062,6487,35163,31069,350,29026,29027,12644,18788,24936,10601,16751,369,2420,31092,22917,6550,12698,16798,6561,8618,12715,20907,27056,438,29113,27066,31168,16836,2501,27078,27079,29134,467,35289,6618,10714,4577,4583,18919,18920,18921,18923,492,8684,18927,27120,33267,35315,29173,27130,27134,29188,18958,10770,23059,31250,16917,534,8727,12823,35357,33313,2605,2607,35378,12853,31285,4665,16953,6715,35386,33341,12863,27201,19010,33358,33360,14932,601,23129,21085,14953,629,4725,19061,19063,21114,31357,29312,6788,12933,35464,21131,23180,31374,2705,14995,17046,17047,2720,15008,31403,21164,31405,17070,23215,23225,15041,31438,29396,6869,27349,10971,2780,31451,2782,35553,29412,21222,33514,31467,10990,15090,2805,10999,11000,11002,17147,25339,25341,29453,31504,4881,21269,31510,6936,795,800,31520,804,27430,31533,33582,13103,19248,21302,13111,25400,31542,33597,11071,19270,11079,11081,11091,31574,11099,13149,7007,19299,869,870,876,31596,29553,891,29566,15244,15245,31637,15257,25500,11166,25503,13216,33707,35755,17326,29616,31664,25522,25531,17341,25537,25538,35780,27590,25543,29640,975,9168,27599,5084,989,7135,15336,27631,1010,21491,35835,3082,13322,25613,3091,27684,25646,11335,25685,29785,23642,7261,9310,13411,29795,29812,25723,19582,5249,25730,11397,31886,21650,25750,21656,3233,7330,5283,19620,31907,21675,13487,11447,7357,21700,25796,7366,33988,9416,13515,21715,11477,34016,3298,36077,17647,11507,7413,3321,32000,32006,27913,17689,29977,29981,21794,5411,21796,36137,5418,32042,32045,25908,34109,1346,15688,17742,32084,17753,11613,7527,1385,1388,19827,21877,23930,23932,19844,19845,21902,25998,1427,19863,1433,11673,28060,30111,13734,28070,11690,11692,11693,5557,9654,11709,24000,13769,36298,19917,5587,3544,11749,28143,26096,30191,17909,30197,19961,13817,22009,9725,19985,11797,9757,15904,20000,20003,28196,20005,24103,34345,13866,20010,20012,15919,11825,20024,28217,32313,34364,9792,22085,26182,28234,11859,32343,3673,3680,13920,7778,5732,5737,15978,28265,11886,15982,32373,20092,9854,30334,28289,9861,34442,13965,28302,24208,1684,13973,26260,22167,32410,24219,7840,9890,18088,16049,26291,20149,28342,18104,22202,14012,32445,9921,1733,18122,18123,28364,26320,32465,11987,36565,32470,5849,1754,36571,32477,22239,14059,18163,14072,36605,36606,36607,36608,36609,36610,14083,36611,36612,36613,36614,36615,36616,36617,36618,3852,20237,36619,36620,36621,36622,36624,10003,36625,36626,36627,36628,22296,36629,5920,14113,22304,14116,10025,24364,3886,20273,10043,1853,16206,28498,26451,18265,32620,18286,20334,8051,24439,24440,1913,3961,6020,6024,24456,1932,32658,1939,1940,26517,32661,32665,1957,1968,18355,24500,32691,14265,6077,12222,18372,28613,8134,10187,12243,32724,2006,10203,22491,20451,32747,12286,26623
36609,36610,36612,19845,36614,3082,36618,36619,36620,31374,36621,36624,21902,36626,36628,11672,11673,32410,20003,35378,13111,25538,593,2006,13920,29812,11000,36605,36606
36609,36610,36612,19845,36614,36615,36618,36619,2061,36621,36626,36628,32410,20000,20003,25538,18923,36606,36607
36609,36610,36611,36612,36613,36614,19845,36616,36618,2059,23180,2061,36619,36622,36621,36620,36626,36628,11672,11673,32410,20003,13111,25538,5849,11613,18923,29812,36606,36607
8704,4099,27140,28163,29190,15369,3082,2059,2060,2061,524,12812,13326,7697,19985,35859,2068,7706,14364,14366,20000,36385,20003,34340,24103,4138,20014,2607,36401,35378,8755,20536,20537,11832,4156,2621,26686,12863,19010,11335,26696,16457,28747,31308,26191,28755,13909,86,6233,29785,6237,21085,606,7778,29795,16996,33380,6250,12396,24685,35437,2670,11375,15982,29812,19063,15998,28289,32386,18051,6788,35464,32905,23180,31374,31886,28302,2705,26260,16534,8343,5785,23194,13466,17562,32410,15008,5792,3745,7845,683,31403,23215,1200,19632,26804,11447,36026,15041,26818,32449,708,14019,7366,23239,18122,26828,36559,2256,36560,36561,36562,36564,36565,36566,36568,5849,36571,8185,22239,2279,4327,234,22763,10990,5875,8950,11000,30969,14072,36605,22270,36606,36607,22273,36608,17667,36609,31493,36610,27911,20231,36611,36612,36613,36614,18701,36615,36616,31504,36617,36618,36620,26388,36621,36622,36624,36625,29977,2330,14619,36627,36628,36629,804,31533,13103,25903,20785,10035,12596,32566,13111,1853,11071,34114,28996,3910,21319,13128,8524,17742,16206,6481,4949,11613,350,7527,10602,28011,876,11629,2416,29553,31601,31606,24439,29688,3961,11645,29566,20351,29056,9088,29572,27013,15749,19845,11144,32650,28044,35214,32658,1427,32660,21909,32661,11672,11673,1944,17309,30111,30114,24483,33700,27557,15271,16809,11690,33707,11692,4013,10157,27056,29616,36619,11699,24500,438,7095,25538,21955,16836,11717,36623,29127,16846,29134,9168,27599,5587,36626,5589,2006,19928,10714,22491,5084,5598,26086,15336,4585,31209,18923,15338,17385,15850,27631,24559,17393,35315,8696,22009,509,27134
36610,36612,19845,36614,36618,36619,36621,36626,36628,36606
36609,36611,36612,36614,36618,36619,36621,36626,36628,36606
3082,2059,32266,7697,2066,31250,19985,2584,20000,33825,20003,24103,8746,35378,53,31287,20024,4153,28217,4156,12863,19010,20035,10820,28747,30802,13909,32343,29788,13920,28265,21098,29812,28289,35464,21131,23180,21644,6286,31374,27792,26260,32410,34975,15008,7840,11938,31907,31403,19632,11447,32447,32467,6869,10965,31445,32984,5338,4317,4832,7413,8950,12022,11000,3321,30969,14072,7929,36605,36606,36607,22273,36609,29443,36610,36611,36612,36613,36614,36615,36616,36618,36619,20237,36620,36621,36624,36625,36626,36627,36628,36629,22813,25888,804,13101,32045,32566,13111,33597,21319,18254,11613,29031,31591,32106,5489,29566,15749,19845,17799,1418,21902,8596,21909,32660,14745,12698,11673,15770,30111,28066,12196,15271,19880,10157,27056,23985,7095,29113,14265,25538,31171,13258,13776,32724,5084,11750,15336,18923,27627,35819,34290,18935,22009,17914,27134
36609,36610,20003,36612,19845,36614,25538,36618,36619,18122,36621,36561,36626,36628,13111,11673,36606
36610,36612,36614,36618,36619,36621,36626,36628,36606
24582,8201,16395,8205,14,8207,16,8209,8210,8215,8217,24601,8220,24606,8224,24608,24610,16419,24611,16426,43,44,45,16431,48,16432,16433,51,16436,53,24628,24629,24632,32819,32824,59,24636,61,62,32825,8260,73,16457,16460,16461,32846,16463,80,86,16472,24666,32859,97,8290,8292,104,105,32873,32874,16492,24685,16494,32876,16496,113,8305,8309,8311,32888,16506,32890,24700,32891,8318,32894,16513,24712,24713,32905,8337,32913,32914,24727,24732,16542,16544,8354,32932,8359,16551,16553,170,32935,32936,32942,32946,24755,24758,32953,32958,194,16584,24777,24783,208,24785,16594,8403,24789,216,32984,219,220,16605,32990,32992,24803,24806,16616,16617,33001,238,246,250,8445,8446,264,24844,271,16659,8468,277,280,24856,16674,291,293,8488,16687,8498,8502,24888,8505,24893,24894,16703,33085,8514,24898,33093,33094,33097,8523,8524,16719,24916,33111,24920,33112,24923,350,355,357,24935,8552,16744,8554,24936,33127,33128,16751,370,8562,33138,24951,8568,24954,8571,16769,386,24968,8592,33171,8596,16788,24981,407,24984,33173,16797,24990,8607,24994,24995,8614,8615,432,33202,436,33204,438,439,16822,16824,33212,16836,8648,16840,16845,470,8662,16858,8669,33246,8671,25058,485,8680,492,8684,8686,8687,33275,16892,8701,16894,513,8706,16898,33284,8709,33286,524,16910,529,16916,16917,33301,535,16919,16921,33302,540,25116,547,8740,33315,33317,16935,552,33319,8746,559,8751,16944,562,8755,8756,565,16946,33327,568,8763,33341,33343,579,33352,33353,33354,589,33357,33358,33359,593,33360,595,8787,16982,605,33373,33374,33376,611,33383,33384,620,625,8817,17011,8821,17014,33397,8825,17022,640,25216,648,17032,8842,17033,17036,655,656,657,658,660,663,17048,33434,669,17055,17070,17071,33454,33457,690,25268,8886,8887,8888,8894,25278,33471,17090,708,711,33481,33482,716,33485,722,725,17112,730,25307,33500,733,734,735,738,739,17127,746,33526,25335,8952,25338,8956,25341,33534,25343,17152,25345,771,17155,774,778,33547,25356,781,33549,17167,33554,17176,17177,794,17180,17181,17182,801,803,33576,33579,33580,33582,816,17201,9010,9013,17206,25398,17208,825,25399,33591,828,829,33597,831,17216,17217,17219,840,17225,842,33609,17228,25421,846,847,25427,852,9047,25431,17241,9050,859,17243,17245,25434,17247,33625,17250,33634,17252,869,870,17254,25446,25447,17261,878,17263,25454,9073,25459,17268,9077,33656,25465,891,17275,17281,899,33671,25481,33674,33679,915,920,922,923,33693,926,25503,33700,934,25511,33704,33705,33707,33708,944,25520,946,25522,948,25524,951,952,17336,17338,25528,25534,959,960,961,25538,9156,967,968,17351,970,17355,33738,33742,975,9167,9168,9170,17359,17361,981,982,983,17363,25558,25560,33748,990,25567,992,993,17378,997,9190,33773,1009,1010,33778,33779,25592,25603,33795,25607,25609,33804,25620,33813,33818,33819,9248,33825,17443,33827,17446,17448,9257,1066,33836,17453,17455,1073,17458,1076,25654,17464,1085,17469,25666,1091,1092,17476,1094,17477,17478,9289,17482,25667,25669,17485,17486,25681,1108,9300,1110,9301,17492,25686,33882,9307,17506,1123,17507,1125,17509,9319,1128,17511,9324,25709,9328,33906,17523,17526,1158,33933,25742,25750,25756,9373,1182,9381,9383,9384,25775,1205,1210,17599,17601,17603,9412,17604,25795,25797,33988,17609,25802,33989,9420,9421,25809,25812,1237,1243,17627,17628,17629,34013,34017,34018,25829,1255,34024,1261,25837,9461,25849,9467,9471,17665,1283,25859,17671,25871,1296,25874,25880,25882,34074,25884,1309,34076,25888,17701,1318,34086,34090,9519,17711,25903,17718,17719,34105,34107,34108,1341,34109,34110,34113,1346,34118,9543,34121,25936,25940,17751,9561,17753,25952,1380,1384,1385,25971,17780,1399,34168,25988,17797,1418,17804,25998,1423,26002,26003,1429,26005,17815,26008,26009,34199,34205,26022,26025,17839,9650,34226,17844,9654,26041,26042,26043,17853,26046,9664,26049,1474,1475,34242,9669,1479,17867,9679,9680,26076,1501,26079,26086,26087,9705,26092,1517,34284,34286,17904,26102,26103,17914,9725,1535,1536,34303,17922,34305,17924,9740,26124,26128,1554,1557,17946,9757,26143,9760,34339,9764,34345,9771,26155,9778,1593,1600,26182,1608,1613,9806,26190,26191,9809,1625,1626,34398,9823,26218,9837,9838,26222,1662,9854,18048,1665,34434,18052,26246,34441,26251,34443,26253,18062,26254,1680,9876,1689,18077,9886,9887,26272,1699,26276,9895,9896,9897,18087,18088,1709,9905,34482,1720,34488,9917,9919,1729,9922,18114,26306,1733,26307,18119,18120,18121,18122,9931,18124,34504,34509,34512,1752,18142,18144,9953,9954,18145,34528,9958,9962,1773,1774,18162,18163,9975,18169,18172,1792,34561,18180,1798,1801,18185,18186,18189,18192,10002,10003,18196,26388,18207,18208,18211,1832,10027,1836,18219,18222,26414,26415,26416,10035,18228,18229,1846,1847,18230,26424,26425,1853,1855,10048,10050,26435,18244,1862,10055,10058,10061,18254,10063,10068,26452,18265,10076,34656,10081,26466,1891,34657,34659,18286,10096,26480,26483,26486,10106,10107,1916,1918,34688,18306,34691,1925,34695,1928,1931,10123,34701,10129,1940,1941,1942,10135,1944,26517,26520,26521,1948,1949,26523,10143,26525,34712,34713,1957,18341,26534,26536,1963,10155,18348,1966,1968,26546,1971,18355,18357,26547,26549,26550,26553,34742,34752,26561,26562,18371,34753,34755,26568,26574,10191,26575,26577,2004,10198,10203,34784,18401,26593,26595,10212,34788,34789,10215,10216,18409,34790,26607,34802,10236,26622,26623,10241,34818,34820,34821,34822,10249,18447,34832,18449,2066,34833,2068,34835,26646,34839,10266,18458,10270,2079,34846,10275,10278,18472,18473,26665,18475,18476,2093,34863,2096,26672,2098,26673,2100,2101,2102,26678,34866,34870,2106,10298,10299,10300,26684,26686,34871,34875,34876,2115,26693,2118,26698,2123,2124,10317,18510,10319,26700,26703,26704,34899,10324,10325,2135,2136,2137,26712,2142,18527,2144,18528,2150,26727,2153,10350,10351,2160,2162,34931,2171,2173,34941,26751,2176,2177,26754,2179,10372,2181,18563,26759,34949,18569,2186,18571,34960,2195,2196,18579,34965,26775,18586,34974,34975,10400,2210,18595,2212,18596,10406,26794,10411,34988,2221,34989,2224,26802,34995,26804,2229,10422,26806,18616,34996,26811,26813,10430,10432,26817,26818,35013,35015,18636,18638,35022,10449,35025,35029,10454,35030,18648,35033,26844,26849,10466,18661,26854,2279,35048,10473,26857,26858,2284,26860,35050,2287,18671,35051,10482,18675,2292,10485,10486,18679,2296,2297,10489,26866,2300,26871,26874,2303,2304,2305,2306,2307,10499,10497,26879,35072,35074,2313,2314,35081,35084,10511,35088,2321,2322,2323,26899,2325,26901,2327,26902,26904,35096,35097,35103,2336,35104,35105,35106,35108,35111,18728,18730,35115,26926,10543,35119,2353,35120,18739,10550,2362,35131,2364,2367,10559,18754,10563,18756,35138,35142,26951,10568,10569,10571,2386,10579,2389,10581,2391,35159,26969,18778,35160,35163,10591,35171,18788,18789,26981,10601,10602,10604,2414,10607,2416,2417,10609,26995,10612,26996,10614,2423,27000,35189,27003,18813,27006,27017,35211,18829,35214,36568,27026,2452,27044,35236,2470,2474,2479,2481,35251,35253,2489,35260,2497,27073,27078,35271,18888,2505,18889,27080,27081,35276,2510,2511,18896,2513,27090,10707,35278,35280,35282,35283,35284,35289,18906,27098,10717,35293,27103,18912,10722,18916,18917,18918,27108,27110,18921,27114,2539,18923,10733,10734,10735,18925,27116,27120,27122,35310,27125,35311,18935,35314,35316,27130,18939,2556,27132,27134,2559,35324,2563,27140,18949,27142,18953,27146,18956,18958,27152,27155,27156,18966,18967,18971,27164,2589,27166,18975,34708,35361,10787,2607,35375,10801,27185,10803,2612,35378,10811,2620,19003,27198,35388,2625,2626,10817,10818,10820,19010,27205,27208,35408,19027,19030,35417,19039,19041,19043,10855,27240,35437,2671,2672,35440,2674,19061,10872,19067,10876,35452,10883,35461,2694,35464,2697,35468,35471,2705,10907,2720,10914,2723,27298,27300,27305,27306,27311,2740,10932,27322,2750,2751,10956,2767,2771,10965,35544,19161,35546,19163,19166,19167,2790,19174,10984,2805,35574,2809,11002,11006,11007,11009,35585,19205,27397,27399,35593,19210,35594,11020,35595,19216,35601,19223,35608,11039,2850,11043,2854,19238,35623,2859,35627,35630,2864,11056,11058,19248,19253,11065,35641,35644,2877,35651,11077,35654,11079,11080,27464,35659,11085,27475,2901,11093,11095,11096,27486,19297,19298,2915,11110,2921,11113,19312,19313,19314,19315,19316,35699,27518,11136,11140,11144,35723,11148,19341,35726,2959,35728,35732,11161,11162,11163,27554,35749,35752,11179,2988,11182,27573,11191,11193,27578,3003,27580,27581,19390,35779,35780,11215,27599,11217,27603,19412,35800,19419,27611,3037,27613,27622,3049,19433,27627,27628,35819,3056,35825,11256,19449,35837,19454,35839,3072,27648,35841,11267,3077,3080,3082,19467,3084,27658,27663,3088,27664,27667,35859,19477,27669,27670,3096,19480,27673,11291,27675,11294,35870,11297,3106,27681,11302,35878,27688,3113,3114,35880,35882,3117,27696,35890,19509,3128,35896,11322,11323,11335,19528,3147,27726,27729,11346,3155,3161,11353,27737,11357,11358,11360,3172,35941,35942,35947,3182,27758,27765,11383,27767,19589,27782,19592,3209,35980,27790,3216,27794,19605,35994,3233,19622,27819,19628,3246,3247,11440,11442,11445,3255,36031,27853,27854,27857,36053,27862,11479,11484,11486,27870,3301,11501,27887,3314,11507,3316,3321,36091,36092,36095,36097,19716,36100,36101,3335,11527,27911,27914,19724,36114,36115,11540,11541,19743,11552,27940,36136,19769,11578,19775,36159,3413,27996,11613,11616,19809,36194,28007,11625,11627,28011,11629,19821,11631,19824,11633,11634,11635,19825,28015,11638,11639,28025,11643,11645,19838,19839,3460,19845,11654,3463,36231,28044,3469,36243,19860,28052,28054,19863,11672,11673,28058,28059,19869,19872,19873,28066,19875,19876,11686,19878,19880,28070,11693,19888,19890,11699,11702,19894,19895,19896,11708,11709,28094,3521,11714,11715,19908,28099,11718,3527,11720,19910,19914,28107,36298,19917,11728,19920,11730,19921,28113,19927,3544,3545,19928,19930,19932,28123,19934,36318,19936,3553,11749,11750,36325,11752,19945,19946,3563,11756,11757,28137,11759,28139,11764,11765,11766,19959,11768,11769,19961,28153,11772,19964,19968,11781,11782,19974,36361,11787,11789,11790,11791,11792,19985,19986,36368,36372,3606,11798,19990,11802,19995,28186,28187,36378,36383,20000,36384,20003,11813,28198,36389,20008,20009,11818,28203,36390,36398,11823,20015,3633,11825,28208,36400,36401,3638,28214,11832,20024,36406,11835,36407,20029,20030,36410,36412,20033,28225,36413,20037,11847,11850,20042,11852,20044,28234,28236,36429,36431,11858,11859,11860,20050,11862,36432,36438,3673,11865,28249,20060,28255,11872,11873,11874,3683,3684,28260,28263,20072,11881,20077,11887,3697,20082,3700,28277,3702,3703,20089,20095,20096,28289,28290,20100,20101,3719,20103,20105,11914,20106,28299,3725,20109,28301,20112,28302,3730,20114,28303,20117,3734,11926,28309,28312,20123,11932,20126,20127,3744,28318,3746,3747,3748,20131,20132,20133,28327,11949,3758,20141,3760,11952,3762,11953,28334,28335,28336,28338,28342,36570,3771,11963,11964,11967,11969,28355,3780,11975,28365,11982,20175,28366,36559,28370,11987,3796,11989,36560,36561,36562,11993,36564,11995,36565,36566,28382,36567,20192,3809,36569,3811,36571,12006,28390,28391,36584,12011,12012,3821,28396,3823,12016,12018,20212,12021,20218,36606,36607,36608,36609,3842,3843,36610,36611,36612,36613,36614,36615,36616,36617,3852,20237,20238,36618,36619,36620,36621,36622,36624,36625,36626,36628,36629,20251,3870,20255,28452,3877,3884,20272,12082,20276,20278,3899,20288,3910,3913,28496,28498,3924,20309,28502,28506,3935,12127,3946,3947,3948,3949,20332,20334,12145,28531,3956,28532,3961,20346,3965,3966,20351,12160,20352,3974,28550,28553,12175,20371,12182,20374,3994,3995,3996,28570,3999,12196,12197,28581,20396,4013,12205,20398,20399,4018,28594,28604,12222,12224,4042,28631,4060,12256,20451,20453,4071,4075,4076,4077,12275,20471,4089,4091,20475,4095,4096,12287,12288,4099,4100,12289,28679,12298,12301,12304,28692,12309,12313,12314,20509,28703,28707,4134,12331,12335,28719,4146,4147,12339,28722,20534,20536,4153,20537,4155,4156,4158,4162,28740,28742,12360,28747,20558,20560,20563,4183,4185,28762,12379,12380,28765,20577,28770,4195,4200,4201,20587,12396,4210,12402,4212,28786,20600,28793,4218,28794,12414,12415,20606,4225,20609,4227,12419,12420,20610,28804,4235,4237,28814,12436,28822,4248,12440,12442,20635,20648,20649,4267,20668,28866,20678,20681,12492,28876,12495,28882,4308,4311,4313,28891,28893,12511,20708,4325,20710,4327,35052,4329,12521,20713,20718,4337,20724,12539,4348,20732,4350,20734,28928,35057,28931,4358,4361,12553,28940,4366,4372,4373,28951,4376,4377,28959,35064,28964,35065,12587,4397,28976,28979,28981,28983,12600,4411,20799,20801,28996,29000,29001,12624,4434,29013,29016,4443,12640,4449,4453,12653,29041,4470,20854,29050,12667,20862,12671,20863,12674,12675,12679,4489,4492,12692,20884,20885,20889,4514,4515,12706,12707,12714,12715,20907,4530,4531,29113,4539,4540,4541,4547,29127,29128,4553,4554,29134,4561,4563,12755,12762,4573,29149,4576,4577,29152,29153,12783,29170,12794,29181,29182,12803,29188,20998,12819,29212,4637,12830,12831,29215,21028,29223,21032,12845,29229,12847,29231,4665,21052,12864,4674,12867,21058,21061,12872,29256,29264,29265,4694,12887,4704,21090,21091,12901,29287,21098,21102,21103,29303,12924,29312,4737,21123,4740,12933,21125,21129,29321,21131,21134,21135,4753,29332,29334,29341,4766,4771,21163,4781,4790,29368,29369,29370,4805,21189,13008,13009,13010,29393,4822,4830,29408,4836,13034,4843,13036,13039,4848,4849,29425,13044,29430,29432,4862,29443,13063,29448,21261,29455,29456,13074,13075,13078,4887,13079,21277,21281,21284,13095,21287,13103,13111,4922,4926,13119,13120,21311,21319,13128,13130,13134,21329,13138,4949,13142,29530,29533,13150,29535,13153,4977,4978,4979,13172,21362,21363,21364,21367,29553,4986,29557,13199,29587,21396,21413,13222,29612,5037,29613,29615,29616,29617,21426,13239,21432,29627,5053,13246,13248,29632,5058,21442,13252,29633,13256,21449,29640,29643,5068,5071,29647,21461,13270,13271,5084,13284,21479,21482,5101,13294,13296,21488,29682,21491,29683,29685,29687,29700,5125,5129,5130,13322,5144,5145,5150,29729,21543,5162,5163,13359,5170,29746,5174,21558,5177,5179,13374,5188,13381,13382,13383,21574,21576,21578,29767,29768,29776,21586,29784,29788,13405,29791,21600,5217,5218,29792,29795,29802,29804,13423,21616,29807,29811,29812,29813,29816,29821,21634,5252,13446,5255,21640,29831,21643,5260,21644,13454,29835,29839,21650,13462,29857,29858,21667,29859,13480,13481,29866,21675,5292,29867,29870,13490,13496,21692,13501,29884,29885,29887,29889,21699,5316,5317,5318,13508,5320,21701,13514,13515,21703,29904,21713,5330,13522,13524,21715,21733,29931,13549,5359,29938,5368,29945,5373,5374,5375,29964,29965,21774,21778,5396,21781,29977,13594,21787,21789,5406,5407,21791,5412,13605,5414,13606,13608,5417,21797,21801,13612,29993,21806,29995,29998,30001,30002,5429,30005,30008,30009,5434,30015,30019,5445,5446,30021,5448,30022,30025,21837,30030,21839,5461,21847,5465,30042,30044,30047,13666,5475,13667,30050,13671,30055,13675,13676,13679,5489,21879,30077,21887,5511,13703,30089,21898,13707,13708,13709,21900,21902,21903,13714,21909,30111,21921,21922,5542,13734,13736,30121,30123,21932,21933,21934,21935,5557,13750,13752,13753,13754,5566,21952,21955,35301,21962,21966,13775,13776,5589,21974,5593,5594,5599,21984,5603,21988,30188,30190,30191,13813,30197,13817,22009,13820,5630,5631,30207,5638,5639,5645,22031,22033,5653,5655,5656,13849,22039,13853,13855,13856,13866,13867,22060,25551,22062,30256,30261,22077,5698,22082,22085,22089,5706,5709,13901,13904,22101,30302,13919,13920,13921,13922,22112,22114,13925,30308,13927,5738,13930,5740,22125,5744,13939,5753,13945,13946,30331,13950,5759,5765,22156,22164,13973,5782,30359,5785,30361,13986,13992,13996,14005,14010,5819,14012,22208,14019,14025,5838,14030,14032,14034,14035,5849,14048,14049,14050,30434,22249,30441,14060,30445,14063,30450,30451,14069,14071,14080,22273,14083,14085,14089,5899,14094,22286,14100,14102,22296,5916,5917,14110,5919,22304,22305,22306,5923,30503,14121,5930,22315,33743,22320,30520,30521,30526,22339,22340,14149,22341,22348,30541,30544,30548,14165,22360,22361,30554,30555,5986,14178,22373,22380,6014,6015,22398,22400,14210,30598,6023,6024,22409,22410,6027,14220,6029,22412,22414,14224,22416,14228,30614,22424,6041,6042,14235,6049,22436,14249,14251,22443,30637,14254,14257,30641,22452,14261,22454,22456,22459,6077,6080,6091,22485,22486,22491,6108,6110,22494,14305,22499,6116,6118,14313,14321,14322,22514,14324,22516,22517,14330,30714,22524,14335,22527,6148,6150,14345,6161,6163,6164,14358,14359,14363,6173,6174,14370,30754,14374,30760,14377,30762,14390,6199,6200,22587,22588,6208,6215,22601,6220,22605,6222,6233,6235,6237,22627,30822,22632,22634,22643,22646,22647,6265,22650,22651,22652,30844,30846,22655,6276,22661,22663,6286,22672,22674,22678,22679,30871,6297,22682,22684,30879,6304,14497,22692,30887,14505,22697,6316,30893,22702,30894,30895,30896,30899,22708,30902,30904,30908,22718,22720,30913,6338,22722,30915,30917,22726,6345,22731,30925,30926,6351,14543,30927,22738,14548,22740,30933,30939,30940,14557,30952,22763,30957,30960,14577,30962,6392,30968,14586,30969,30974,30975,30977,6403,14595,6405,30980,14599,30981,14601,30989,6415,14609,6419,6425,14618,31003,6432,31009,31010,6435,6440,6441,6442,6443,31018,6445,14644,22837,6456,31033,14652,31040,6465,31041,31042,31044,6469,6470,14663,31049,6479,22863,22867,31062,6493,30599,31072,6498,6499,31074,31079,6504,31081,6507,31083,6515,6516,14709,31093,6519,14712,31094,31095,31100,31106,22917,14726,6535,6536,22920,31111,31117,6543,6545,6546,31121,31122,22934,31128,22939,6556,22941,6558,6559,6560,6561,31140,31143,6571,6573,31154,6581,31165,31168,31171,31172,22992,31185,31188,6613,23004,31197,31198,23007,23008,31199,23010,6628,31204,31206,6631,23020,23022,23027,6654,14848,23042,23044,6661,31249,14866,14867,31250,31252,6679,23063,14873,23064,31257,31260,6686,31262,31265,6692,6693,6694,6695,31270,31273,31276,31278,31280,31290,31291,23101,31295,6723,31299,14917,14918,6728,23112,31308,23118,31310,14932,14933,23126,31318,23129,31321,31323,31325,31332,14949,23148,31346,6771,31349,14968,6777,31360,31362,6788,14985,14986,23178,6796,23180,23181,31369,31370,31372,23186,31374,31375,31382,31385,23194,6811,31387,31389,31391,31392,15014,23206,6826,6827,31403,6829,23215,31407,23217,31408,6835,23220,31410,6838,6840,31418,6843,23227,6845,6848,6854,23246,31438,31440,31441,6869,15062,6871,15064,23254,23255,31447,15074,23267,15076,23273,15085,15087,31473,6908,6909,15104,31493,31495,31497,31502,15119,15120,31504,31511,31512,31516,31520,6945,6951,31531,31533,23342,23344,31540,31542,31545,31547,31549,6974,23360,31553,31555,6983,23374,15183,6995,15187,15188,31574,15191,31575,31580,7007,7008,7009,7010,31585,23396,7013,15205,31591,31592,31596,31599,31601,7030,7031,31606,31608,7035,15227,31613,31617,31619,7051,31627,15247,15250,31634,31637,15258,31644,15272,23479,7099,31675,7102,23486,23489,15299,7110,7117,15310,23504,7121,7123,7124,7127,23512,7131,15324,31708,7137,7141,23527,15336,15338,7148,15342,7154,15350,7160,23545,7163,15361,31745,7172,7175,7176,15367,31755,7184,15379,15383,15391,7200,7211,31798,23611,7229,23616,15426,31813,31814,31820,31823,31824,7251,15448,7257,15450,31837,7262,23656,15466,15468,7277,31855,15472,7281,23665,31857,23668,31860,31876,23685,31877,15495,23687,23688,15501,31886,7313,7314,15505,15506,15507,31891,31892,31893,31895,7328,7330,31906,15531,7340,7341,7342,31921,31925,31932,15552,31937,23750,31942,7373,15567,15576,23776,23782,15592,7405,7408,31990,31992,15611,15612,31995,32006,15627,15628,32014,32016,32018,7448,15641,15642,32040,32045,32047,32048,15665,7476,15670,7480,32062,32064,15684,7493,7494,15687,15688,32075,7502,7504,7505,7506,15701,15704,32089,32090,7516,32092,15713,15716,7527,32105,32106,32108,32110,23921,32113,15734,23926,23928,23930,32122,15740,32123,15746,23939,23940,15749,32133,15751,23944,32134,32137,32140,15757,32141,7567,23951,23953,32144,32147,7574,7575,32153,23962,15774,23966,23967,7589,15792,23985,23986,23988,7605,23990,32181,23992,23994,32188,23998,24000,24002,15811,15820,7630,7631,7633,7634,24017,24018,15829,7638,15830,24019,32212,32213,15840,7656,7657,32238,15855,7664,15857,15860,32244,32246,32247,7672,7673,15865,24059,24060,32249,24062,24063,7680,32251,24066,32254,24068,7686,32262,32263,15884,32272,32273,32276,32277,24090,32282,7709,24093,15903,15904,32286,24098,24100,24101,24103,7724,32313,15933,32319,32323,15941,15942,32325,32331,15948,24148,32342,24151,7768,32343,32350,15967,15968,7778,7780,32362,24171,7791,24175,24176,32372,32375,32377,24191,7809,24193,24194,7812,24195,24196,32386,32389,7817,24202,24205,24207,32404,32408,7834,24219,32410,7837,32412,7840,16038,7852,32433,7859,24246,32443,32445,7870,32446,32447,24257,32449,32454,32455,7880,32457,7882,7883,16076,32467,7894,32470,32471,32472,16090,7899,24283,32474,7902,24287,32475,7907,24292,7911,32487,32490,7916,7918,7919,7920,16112,16114,32494,16116,16117,32497,24311,7929,7938,7939,16130,24322,7942,24324,24330,16139,16143,16144,16145,16146,16147,16153,16158,7967,24354,7971,16164,16167,7977,24364,16177,16179,16186,16189,32577,24386,16196,32587,16206,24398,24400,24407,24408,16219,8031,16226,24421,32618,24428,8046,16241,32629,16253,24448,32641,16258,8070,24456,32650,32651,32652,16269,16270,24462,32655,32658,32660,24471,8088,8090,8092,32675,32682,24494,24496,16308,24500,24504,16315,32700,8129,8131,8136,8137,24520,16331,16336,24528,32723,32724,32727,24536,24542,24545,24548,32741,8171,24555,32747,16369,32758,8184,8185
36609,36610,36612,19845,36614,36615,35464,36618,2059,36619,2061,31374,28302,36620,36621,36624,36626,36628,36629,11672,32410,19615,20000,20003,804,33707,23215,11000,35633,35378,11447,25538,27134,4577,15716,18923,11629,24559,29812,14072,30969,36605,36606,36607
